time,pos_x,pos_y,pos_z,vel_x,vel_y,vel_z,att_phi,att_theta,att_psi,rate_p,rate_q,rate_r,rpm_obs_1,rpm_obs_2,rpm_obs_3,rpm_obs_4,rpm_ref_1,rpm_ref_2,rpm_ref_3,rpm_ref_4,cmd_thrust,cmd_roll,cmd_pitch,cmd_yaw,flow_der_x,flow_der_y,divergence,obstacle_free_confidence
106.681625,0.000000,0.000000,-0.242188,0.000000,0.000000,-0.026171,-0.029931,0.034675,0.002748,-0.006592,0.000244,-0.004883,0,0,0,0,3000,3000,3000,3000,0,4500,-4500,00,3,0,0
106.683578,0.000000,0.000000,-0.242188,0.000000,0.000000,-0.026072,-0.029863,0.034716,0.002839,0.007812,0.000244,0.000488,0,0,0,0,3000,3000,3000,3000,0,4500,-4500,00,3,0,0
106.685532,0.000000,0.000000,-0.242188,0.000000,0.000000,-0.026091,-0.029931,0.034675,0.002748,-0.000244,0.000244,0.000488,0,0,0,0,3000,3000,3000,3000,0,4500,-4500,00,3,0,0
106.687485,0.000000,0.000000,-0.242188,0.000000,0.000000,-0.026127,-0.029931,0.034675,0.002748,0.000244,-0.003906,-0.003906,0,0,0,0,3000,3000,3000,3000,0,4500,-4500,00,3,0,0
106.689438,0.000000,0.000000,-0.242188,0.000000,0.000000,-0.026110,-0.029931,0.034675,0.002748,0.001953,-0.001221,0.003174,0,0,0,0,3000,3000,3000,3000,0,4500,-4500,00,3,0,0
106.691391,0.000000,0.000000,-0.242188,0.000000,0.000000,-0.026146,-0.029931,0.034675,0.002748,-0.005615,0.000244,0.001465,0,0,0,0,3000,3000,3000,3000,0,4500,-4500,00,3,0,0
106.693344,0.000000,0.000000,-0.242188,0.000000,0.000000,-0.026224,-0.029931,0.034675,0.002748,0.008301,0.000244,0.000977,0,0,0,0,3000,3000,3000,3000,0,4500,-4500,00,3,0,0
106.695297,0.000000,0.000000,-0.242188,0.000000,0.000000,-0.026100,-0.029931,0.034675,0.002748,-0.006592,0.000732,0.000488,0,0,0,0,3000,3000,3000,3000,0,4500,-4500,00,3,0,0
106.697250,0.000000,0.000000,-0.242188,0.000000,0.000000,-0.026243,-0.029931,0.034675,0.002748,0.003418,-0.002441,0.000000,0,0,0,0,3000,3000,3000,3000,0,4500,-4500,00,3,0,0
106.699203,0.000000,0.000000,-0.242188,0.000000,0.000000,-0.026182,-0.029931,0.034675,0.002748,-0.004883,0.001465,0.000488,0,0,0,0,3000,3000,3000,3000,0,4500,-4500,00,3,0,0
106.701157,0.000000,0.000000,-0.242188,0.000000,0.000000,-0.026115,-0.029931,0.034675,0.002748,-0.002930,-0.001221,0.000977,0,0,0,0,3000,3000,3000,3000,0,4500,-4500,00,3,0,0
106.703110,0.000000,0.000000,-0.242188,0.000000,0.000000,-0.026047,-0.029931,0.034675,0.002748,0.005127,0.000732,0.000977,0,0,0,0,3000,3000,3000,3000,0,4500,-4500,00,3,0,0
106.705063,0.000000,0.000000,-0.242188,0.000000,0.000000,-0.026039,-0.029931,0.034675,0.002748,-0.002930,0.001465,-0.002686,0,0,0,0,3000,3000,3000,3000,0,4500,-4500,00,3,0,0
106.707016,0.000000,0.000000,-0.242188,0.000000,0.000000,-0.026018,-0.029931,0.034675,0.002748,0.008301,-0.002441,0.000000,0,0,0,0,3000,3000,3000,3000,0,4500,-4500,00,3,0,0
106.708969,0.000000,0.000000,-0.242188,0.000000,0.000000,-0.026106,-0.029931,0.034675,0.002748,-0.004883,-0.001221,0.000977,0,0,0,0,3000,3000,3000,3000,0,4500,-4500,00,3,0,0
106.710922,0.000000,0.000000,-0.242188,0.000000,0.000000,-0.026028,-0.029931,0.034675,0.002748,0.000977,0.002930,-0.002686,0,0,0,0,3000,3000,3000,3000,0,4500,-4500,00,3,0,0
106.712875,0.000000,0.000000,-0.242188,0.000000,0.000000,-0.025957,-0.029931,0.034675,0.002748,0.000977,-0.000244,0.002197,0,0,0,0,3000,3000,3000,3000,0,4500,-4500,00,3,0,0
106.714828,0.000000,0.000000,-0.242188,0.000000,0.000000,-0.026171,-0.029931,0.034675,0.002748,-0.004395,0.000244,-0.003906,0,0,0,0,3000,3000,3000,3000,0,4500,-4500,00,3,0,0
106.716782,0.000000,0.000000,-0.242188,0.000000,0.000000,-0.026096,-0.029931,0.034675,0.002748,0.007812,-0.003418,0.002686,0,0,0,0,3000,3000,3000,3000,0,4500,-4500,00,3,0,0
106.718742,0.000000,0.000000,-0.242188,0.000000,0.000000,-0.026117,-0.029931,0.034675,0.002748,-0.005615,-0.001221,0.000488,0,0,0,0,3000,3000,3000,3000,0,4500,-4500,00,3,0,0
106.720695,0.000000,0.000000,-0.242188,0.000000,0.000000,-0.026114,-0.029863,0.034716,0.002839,0.003418,0.001953,-0.001221,0,0,0,0,3000,3000,3000,3000,0,4500,-4500,00,3,0,0
106.722649,0.000000,0.000000,-0.242188,0.000000,0.000000,-0.026068,-0.029863,0.034716,0.002839,0.000244,0.001465,0.003174,0,0,0,0,3000,3000,3000,3000,0,4500,-4500,00,3,0,0
106.724602,0.000000,0.000000,-0.242188,0.000000,0.000000,-0.026144,-0.029931,0.034675,0.002748,-0.004395,0.002441,-0.000488,0,0,0,0,3000,3000,3000,3000,0,4500,-4500,00,3,0,0
106.726547,0.000000,0.000000,-0.242188,0.000000,0.000000,-0.026031,-0.029931,0.034675,0.002748,0.008301,-0.000732,0.000488,0,0,0,0,3000,3000,3000,3000,0,4500,-4500,00,3,0,0
106.728508,0.000000,0.000000,-0.242188,0.000000,0.000000,-0.025949,-0.029863,0.034716,0.002839,-0.007080,-0.000244,-0.000488,0,0,0,0,3000,3000,3000,3000,0,4500,-4500,00,3,0,0
106.730461,0.000000,0.000000,-0.242188,0.000000,0.000000,-0.025934,-0.029931,0.034675,0.002748,0.006104,0.000244,0.002197,0,0,0,0,3000,3000,3000,3000,0,4500,-4500,00,3,0,0
106.732407,0.000000,0.000000,-0.242188,0.000000,0.000000,-0.025906,-0.029931,0.034675,0.002748,0.001953,0.000732,0.000488,0,0,0,0,3000,3000,3000,3000,0,4500,-4500,00,3,0,0
106.735344,0.000000,0.000000,-0.242188,0.000000,0.000000,-0.025953,-0.029931,0.034675,0.002748,-0.001221,-0.001709,-0.002686,0,0,0,0,3000,3000,3000,3000,0,4500,-4500,00,3,0,0
106.736313,0.000000,0.000000,-0.242188,0.000000,0.000000,-0.025850,-0.029863,0.034716,0.002839,0.006104,0.000732,0.004150,0,0,0,0,3000,3000,3000,3000,0,4500,-4500,00,3,0,0
106.738274,0.000000,0.000000,-0.320312,0.000000,0.000000,-0.051664,-0.029931,0.034675,0.002748,-0.007080,-0.000732,0.002686,0,0,0,0,3000,3000,3000,3000,0,4500,-4500,00,3,0,0
106.740219,0.000000,0.000000,-0.324219,0.000000,0.000000,-0.051508,-0.029863,0.034716,0.002839,0.005127,0.000244,0.004150,0,0,0,0,3000,3000,3000,3000,0,4500,-4500,00,3,0,0
106.742180,0.000000,0.000000,-0.324219,0.000000,0.000000,-0.051483,-0.029931,0.034675,0.002748,-0.002441,0.000732,-0.002197,0,0,0,0,3000,3000,3000,3000,0,4500,-4500,00,3,0,0
106.744125,0.000000,0.000000,-0.324219,0.000000,0.000000,-0.051287,-0.029863,0.034716,0.002839,0.002441,0.001953,-0.000488,0,0,0,0,3000,3000,3000,3000,0,4500,-4500,00,3,0,0
106.746078,0.000000,0.000000,-0.324219,0.000000,0.000000,-0.051146,-0.029931,0.034675,0.002748,0.006104,0.001953,0.002197,0,0,0,0,3000,3000,3000,3000,0,4500,-4500,00,3,0,0
106.748032,0.000000,0.000000,-0.324219,0.000000,0.000000,-0.051117,-0.029931,0.034675,0.002748,-0.006592,0.001465,-0.003174,0,0,0,0,3000,3000,3000,3000,0,4500,-4500,00,3,0,0
106.749985,0.000000,0.000000,-0.324219,0.000000,0.000000,-0.051071,-0.029931,0.034675,0.002748,0.006104,0.000244,-0.002686,0,0,0,0,3000,3000,3000,3000,0,4500,-4500,00,3,0,0
106.751938,0.000000,0.000000,-0.324219,0.000000,0.000000,-0.051067,-0.029931,0.034675,0.002748,-0.003418,-0.000244,0.000488,0,0,0,0,3000,3000,3000,3000,0,4500,-4500,00,3,0,0
106.753891,0.000000,0.000000,-0.324219,0.000000,0.000000,-0.051037,-0.029931,0.034675,0.002748,0.003418,-0.001221,-0.004395,0,0,0,0,3000,3000,3000,3000,0,4500,-4500,00,3,0,0
106.755844,0.000000,0.000000,-0.324219,0.000000,0.000000,-0.050901,-0.029931,0.034675,0.002748,0.000244,0.003418,0.002197,0,0,0,0,3000,3000,3000,3000,0,4500,-4500,00,3,0,0
106.757797,0.000000,0.000000,-0.324219,0.000000,0.000000,-0.050945,-0.029931,0.034675,0.002748,-0.001709,0.000732,-0.002686,0,0,0,0,3000,3000,3000,3000,0,4500,-4500,00,3,0,0
106.759750,0.000000,0.000000,-0.324219,0.000000,0.000000,-0.050930,-0.029931,0.034675,0.002748,0.006104,-0.000732,0.000488,0,0,0,0,3000,3000,3000,3000,0,4500,-4500,00,3,0,0
106.761703,0.000000,0.000000,-0.324219,0.000000,0.000000,-0.050982,-0.029931,0.034675,0.002748,-0.003418,-0.000244,0.000488,0,0,0,0,3000,3000,3000,3000,0,4500,-4500,00,3,0,0
106.763657,0.000000,0.000000,-0.324219,0.000000,0.000000,-0.051029,-0.029931,0.034675,0.002748,0.001953,0.001953,0.000000,0,0,0,0,3000,3000,3000,3000,0,4500,-4500,00,3,0,0
106.765610,0.000000,0.000000,-0.324219,0.000000,0.000000,-0.051020,-0.029931,0.034675,0.002748,-0.001221,-0.000732,0.002686,0,0,0,0,3000,3000,3000,3000,0,4500,-4500,00,3,0,0
106.767563,0.000000,0.000000,-0.324219,0.000000,0.000000,-0.051153,-0.029931,0.034675,0.002748,-0.000732,-0.000244,-0.002686,0,0,0,0,3000,3000,3000,3000,0,4500,-4500,00,3,0,0
106.769516,0.000000,0.000000,-0.324219,0.000000,0.000000,-0.051079,-0.029931,0.034675,0.002748,0.006592,-0.000732,-0.000488,0,0,0,0,3000,3000,3000,3000,0,4500,-4500,00,3,0,0
106.771469,0.000000,0.000000,-0.324219,0.000000,0.000000,-0.050930,-0.029931,0.034675,0.002748,-0.003906,-0.000732,0.000000,0,0,0,0,3000,3000,3000,3000,0,4500,-4500,00,3,0,0
106.773422,0.000000,0.000000,-0.324219,0.000000,0.000000,-0.051037,-0.029931,0.034675,0.002748,0.006592,-0.000244,0.002197,0,0,0,0,3000,3000,3000,3000,0,4500,-4500,00,3,0,0
106.775375,0.000000,0.000000,-0.324219,0.000000,0.000000,-0.050987,-0.029931,0.034675,0.002748,-0.004883,0.000244,0.000000,0,0,0,0,3000,3000,3000,3000,0,4500,-4500,00,3,0,0
106.777328,0.000000,0.000000,-0.324219,0.000000,0.000000,-0.051048,-0.029931,0.034675,0.002748,0.001953,-0.001709,-0.003906,0,0,0,0,3000,3000,3000,3000,0,4500,-4500,00,3,0,0
106.779282,0.000000,0.000000,-0.324219,0.000000,0.000000,-0.050961,-0.029931,0.034675,0.002748,0.000244,0.001465,-0.001221,0,0,0,0,3000,3000,3000,3000,0,4500,-4500,00,3,0,0
106.781235,0.000000,0.000000,-0.324219,0.000000,0.000000,-0.051151,-0.029931,0.034675,0.002748,-0.000732,-0.000732,0.000977,0,0,0,0,3000,3000,3000,3000,0,4500,-4500,00,3,0,0
106.783188,0.000000,0.000000,-0.324219,0.000000,0.000000,-0.051161,-0.029870,0.034675,0.002748,0.007324,-0.002930,0.001465,0,0,0,0,3000,3000,3000,3000,0,4500,-4500,00,3,0,0
106.785141,0.000000,0.000000,-0.324219,0.000000,0.000000,-0.051235,-0.029870,0.034675,0.002748,-0.007568,0.000732,-0.002197,0,0,0,0,3000,3000,3000,3000,0,4500,-4500,00,3,0,0
106.787094,0.000000,0.000000,-0.324219,0.000000,0.000000,-0.051247,-0.029870,0.034675,0.002748,0.001465,0.003418,-0.000732,0,0,0,0,3000,3000,3000,3000,0,4500,-4500,00,3,0,0
106.789047,0.000000,0.000000,-0.324219,0.000000,0.000000,-0.051273,-0.029870,0.034675,0.002748,0.000977,-0.001221,0.000977,0,0,0,0,3000,3000,3000,3000,0,4500,-4500,00,3,0,0
106.791000,0.000000,0.000000,-0.324219,0.000000,0.000000,-0.051214,-0.029870,0.034675,0.002748,-0.001709,0.001953,-0.000732,0,0,0,0,3000,3000,3000,3000,0,4500,-4500,00,3,0,0
106.792953,0.000000,0.000000,-0.324219,0.000000,0.000000,-0.051199,-0.029870,0.034675,0.002748,0.002930,0.000244,0.001465,0,0,0,0,3000,3000,3000,3000,0,4500,-4500,00,3,0,0
106.794907,0.000000,0.000000,-0.324219,0.000000,0.000000,-0.051178,-0.029870,0.034675,0.002748,-0.003418,0.001953,-0.003906,0,0,0,0,3000,3000,3000,3000,0,4500,-4500,00,3,0,0
106.796860,0.000000,0.000000,-0.324219,0.000000,0.000000,-0.051266,-0.029870,0.034675,0.002748,0.006104,0.002930,0.004150,0,0,0,0,3000,3000,3000,3000,0,4500,-4500,00,3,0,0
106.798813,0.000000,0.000000,-0.324219,0.000000,0.000000,-0.051035,-0.029870,0.034675,0.002748,-0.003906,-0.002441,0.001465,0,0,0,0,3000,3000,3000,3000,0,4500,-4500,00,3,0,0
106.800766,0.000000,0.000000,-0.324219,0.000000,0.000000,-0.051031,-0.029870,0.034675,0.002748,-0.005615,0.000732,-0.000732,0,0,0,0,3000,3000,3000,3000,0,4500,-4500,00,3,0,0
106.802719,0.000000,0.000000,-0.324219,0.000000,0.000000,-0.050913,-0.029870,0.034675,0.002748,0.005127,0.002441,0.000000,0,0,0,0,3000,3000,3000,3000,0,4500,-4500,00,3,0,0
106.804672,0.000000,0.000000,-0.324219,0.000000,0.000000,-0.050869,-0.029870,0.034675,0.002748,-0.007080,-0.002441,-0.000488,0,0,0,0,3000,3000,3000,3000,0,4500,-4500,00,3,0,0
106.806625,0.000000,0.000000,-0.324219,0.000000,0.000000,-0.050802,-0.029870,0.034675,0.002748,0.007812,-0.001709,0.000488,0,0,0,0,3000,3000,3000,3000,0,4500,-4500,00,3,0,0
106.808578,0.000000,0.000000,-0.324219,0.000000,0.000000,-0.050798,-0.029870,0.034675,0.002748,-0.003418,0.002930,0.002686,0,0,0,0,3000,3000,3000,3000,0,4500,-4500,00,3,0,0
106.810532,0.000000,0.000000,-0.324219,0.000000,0.000000,-0.050858,-0.029870,0.034675,0.002748,-0.000244,0.002930,-0.001709,0,0,0,0,3000,3000,3000,3000,0,4500,-4500,00,3,0,0
106.812485,0.000000,0.000000,-0.324219,0.000000,0.000000,-0.050993,-0.029870,0.034675,0.002748,0.002441,0.001953,0.000000,0,0,0,0,3000,3000,3000,3000,0,4500,-4500,00,3,0,0
106.814438,0.000000,0.000000,-0.281250,0.000000,0.000000,-0.036076,-0.029870,0.034675,0.002748,-0.004883,-0.002441,0.000000,0,0,0,0,3000,3000,3000,3000,0,4500,-4500,00,3,0,0
106.816391,0.000000,0.000000,-0.281250,0.000000,0.000000,-0.035973,-0.029870,0.034675,0.002748,0.004639,-0.001709,0.002197,0,0,0,0,3000,3000,3000,3000,0,4500,-4500,00,3,0,0
106.818344,0.000000,0.000000,-0.281250,0.000000,0.000000,-0.035667,-0.029870,0.034675,0.002748,-0.006592,-0.001221,0.001465,0,0,0,0,3000,3000,3000,3000,0,4500,-4500,00,3,0,0
106.820297,0.000000,0.000000,-0.281250,0.000000,0.000000,-0.035690,-0.029870,0.034675,0.002748,0.002441,-0.000244,-0.002197,0,0,0,0,3000,3000,3000,3000,0,4500,-4500,00,3,0,0
106.822250,0.000000,0.000000,-0.281250,0.000000,0.000000,-0.035810,-0.029870,0.034675,0.002748,0.003418,0.001465,0.001465,0,0,0,0,3000,3000,3000,3000,0,4500,-4500,00,3,0,0
106.824203,0.000000,0.000000,-0.281250,0.000000,0.000000,-0.035997,-0.029870,0.034675,0.002748,-0.004883,-0.000244,0.003662,0,0,0,0,3000,3000,3000,3000,0,4500,-4500,00,3,0,0
106.826157,0.000000,0.000000,-0.281250,0.000000,0.000000,-0.035948,-0.029870,0.034675,0.002748,0.005615,-0.000244,0.003174,0,0,0,0,3000,3000,3000,3000,0,4500,-4500,00,3,0,0
106.828110,0.000000,0.000000,-0.281250,0.000000,0.000000,-0.036081,-0.029870,0.034675,0.002748,-0.005615,-0.000244,0.000000,0,0,0,0,3000,3000,3000,3000,0,4500,-4500,00,3,0,0
106.830063,0.000000,0.000000,-0.281250,0.000000,0.000000,-0.035912,-0.029870,0.034675,0.002748,0.000244,-0.002441,0.000000,0,0,0,0,3000,3000,3000,3000,0,4500,-4500,00,3,0,0
106.832016,0.000000,0.000000,-0.281250,0.000000,0.000000,-0.035770,-0.029870,0.034675,0.002748,-0.000244,0.002441,0.000488,0,0,0,0,3000,3000,3000,3000,0,4500,-4500,00,3,0,0
106.833977,0.000000,0.000000,-0.281250,0.000000,0.000000,-0.035723,-0.029870,0.034675,0.002748,-0.003418,-0.001221,0.000977,0,0,0,0,3000,3000,3000,3000,0,4500,-4500,00,3,0,0
106.835922,0.000000,0.000000,-0.281250,0.000000,0.000000,-0.035788,-0.029870,0.034675,0.002748,0.003418,-0.000732,0.000977,0,0,0,0,3000,3000,3000,3000,0,4500,-4500,00,3,0,0
106.837875,0.000000,0.000000,-0.281250,0.000000,0.000000,-0.035761,-0.029870,0.034675,0.002748,-0.006592,0.000244,-0.001221,0,0,0,0,3000,3000,3000,3000,0,4500,-4500,00,3,0,0
106.839828,0.000000,0.000000,-0.281250,0.000000,0.000000,-0.035765,-0.029870,0.034675,0.002748,0.001953,0.000244,0.000000,0,0,0,0,3000,3000,3000,3000,0,4500,-4500,00,3,0,0
106.841782,0.000000,0.000000,-0.281250,0.000000,0.000000,-0.035534,-0.029870,0.034675,0.002748,-0.000244,-0.002441,0.000000,0,0,0,0,3000,3000,3000,3000,0,4500,-4500,00,3,0,0
106.843735,0.000000,0.000000,-0.281250,0.000000,0.000000,-0.035748,-0.029870,0.034675,0.002748,-0.000732,-0.001221,-0.000732,0,0,0,0,3000,3000,3000,3000,0,4500,-4500,00,3,0,0
106.845688,0.000000,0.000000,-0.281250,0.000000,0.000000,-0.035891,-0.029870,0.034675,0.002748,0.002441,0.001465,0.003662,0,0,0,0,3000,3000,3000,3000,0,4500,-4500,00,3,0,0
106.847641,0.000000,0.000000,-0.281250,0.000000,0.000000,-0.036058,-0.029870,0.034675,0.002748,-0.007080,-0.002441,0.000488,0,0,0,0,3000,3000,3000,3000,0,4500,-4500,00,3,0,0
106.849594,0.000000,0.000000,-0.281250,0.000000,0.000000,-0.036003,-0.029870,0.034675,0.002748,0.008301,0.002441,0.000977,0,0,0,0,3000,3000,3000,3000,0,4500,-4500,00,3,0,0
106.851547,0.000000,0.000000,-0.281250,0.000000,0.000000,-0.035820,-0.029870,0.034675,0.002748,-0.004883,-0.000244,-0.002686,0,0,0,0,3000,3000,3000,3000,0,4500,-4500,00,3,0,0
106.853500,0.000000,0.000000,-0.281250,0.000000,0.000000,-0.035934,-0.029870,0.034675,0.002748,0.001953,-0.001221,-0.000732,0,0,0,0,3000,3000,3000,3000,0,4500,-4500,00,3,0,0
106.855453,0.000000,0.000000,-0.281250,0.000000,0.000000,-0.036005,-0.029870,0.034675,0.002748,0.001953,0.000244,0.002197,0,0,0,0,3000,3000,3000,3000,0,4500,-4500,00,3,0,0
106.857407,0.000000,0.000000,-0.281250,0.000000,0.000000,-0.036146,-0.029870,0.034675,0.002748,-0.001221,-0.000244,0.000488,0,0,0,0,3000,3000,3000,3000,0,4500,-4500,00,3,0,0
106.859360,0.000000,0.000000,-0.281250,0.000000,0.000000,-0.035986,-0.029870,0.034675,0.002748,0.007324,0.001465,0.004150,0,0,0,0,3000,3000,3000,3000,0,4500,-4500,00,3,0,0
106.861313,0.000000,0.000000,-0.281250,0.000000,0.000000,-0.035961,-0.029870,0.034675,0.002748,-0.004883,0.002441,-0.002686,0,0,0,0,3000,3000,3000,3000,0,4500,-4500,00,3,0,0
106.863266,0.000000,0.000000,-0.281250,0.000000,0.000000,-0.036047,-0.029870,0.034675,0.002748,0.001465,-0.003418,0.000977,0,0,0,0,3000,3000,3000,3000,0,4500,-4500,00,3,0,0
106.865219,0.000000,0.000000,-0.281250,0.000000,0.000000,-0.036205,-0.029870,0.034675,0.002748,0.000244,-0.000732,0.000977,0,0,0,0,3000,3000,3000,3000,0,4500,-4500,00,3,0,0
106.867172,0.000000,0.000000,-0.281250,0.000000,0.000000,-0.036095,-0.029870,0.034675,0.002748,-0.001709,0.001465,-0.000488,0,0,0,0,3000,3000,3000,3000,0,4500,-4500,00,3,0,0
106.869125,0.000000,0.000000,-0.281250,0.000000,0.000000,-0.036203,-0.029870,0.034675,0.002748,0.008789,0.001465,0.000000,0,0,0,0,3000,3000,3000,3000,0,4500,-4500,00,3,0,0
106.871078,0.000000,0.000000,-0.281250,0.000000,0.000000,-0.036276,-0.029870,0.034675,0.002748,-0.007568,0.001465,-0.002197,0,0,0,0,3000,3000,3000,3000,0,4500,-4500,00,3,0,0
106.873032,0.000000,0.000000,-0.281250,0.000000,0.000000,-0.036110,-0.029870,0.034675,0.002748,0.004150,-0.001709,0.002686,0,0,0,0,3000,3000,3000,3000,0,4500,-4500,00,3,0,0
106.874985,0.000000,0.000000,-0.281250,0.000000,0.000000,-0.036140,-0.029870,0.034675,0.002748,-0.001709,0.000732,0.005859,0,0,0,0,3000,3000,3000,3000,0,4500,-4500,00,3,0,0
106.876938,0.000000,0.000000,-0.281250,0.000000,0.000000,-0.036121,-0.029870,0.034675,0.002748,0.000977,0.001465,-0.000732,0,0,0,0,3000,3000,3000,3000,0,4500,-4500,00,3,0,0
106.878891,0.000000,0.000000,-0.281250,0.000000,0.000000,-0.036091,-0.029870,0.034675,0.002748,0.005127,0.000732,0.000488,0,0,0,0,3000,3000,3000,3000,0,4500,-4500,00,3,0,0
106.880844,0.000000,0.000000,-0.281250,0.000000,0.000000,-0.036251,-0.029870,0.034675,0.002748,-0.007568,0.000732,-0.000488,0,0,0,0,3000,3000,3000,3000,0,4500,-4500,00,3,0,0
106.882797,0.000000,0.000000,-0.281250,0.000000,0.000000,-0.036404,-0.029870,0.034675,0.002748,0.005127,-0.000244,0.000000,0,0,0,0,3000,3000,3000,3000,0,4500,-4500,00,3,0,0
106.883804,0.000000,0.000000,-0.281250,0.000000,0.000000,-0.036266,-0.029870,0.034675,0.002748,-0.003418,0.001465,-0.000488,0,0,0,0,3000,3000,3000,3000,0,4500,-4500,00,3,0,0
106.886703,0.000000,0.000000,-0.281250,0.000000,0.000000,-0.036272,-0.029870,0.034675,0.002748,-0.006104,-0.001221,-0.001221,0,0,0,0,3000,3000,3000,3000,0,4500,-4500,00,3,0,0
106.888657,0.000000,0.000000,-0.281250,0.000000,0.000000,-0.036314,-0.029870,0.034736,0.002748,0.001953,0.000244,0.000000,0,0,0,0,3000,3000,3000,3000,0,4500,-4500,00,3,0,0
106.890610,0.000000,0.000000,-0.281250,0.000000,0.000000,-0.036398,-0.029870,0.034736,0.002748,-0.007080,0.000732,-0.002197,0,0,0,0,3000,3000,3000,3000,0,4500,-4500,00,3,0,0
106.892563,0.000000,0.000000,-0.472656,0.000000,0.000000,-0.097715,-0.029870,0.034736,0.002748,0.006104,-0.002930,0.002686,0,0,0,0,3000,3000,3000,3000,0,4500,-4500,00,3,0,0
106.894516,0.000000,0.000000,-0.472656,0.000000,0.000000,-0.097801,-0.029870,0.034736,0.002748,-0.007568,0.001465,-0.000732,0,0,0,0,3000,3000,3000,3000,0,4500,-4500,00,3,0,0
106.896469,0.000000,0.000000,-0.472656,0.000000,0.000000,-0.097918,-0.029870,0.034736,0.002748,0.001953,-0.001221,0.003174,0,0,0,0,3000,3000,3000,3000,0,4500,-4500,00,3,0,0
106.898422,0.000000,0.000000,-0.472656,0.000000,0.000000,-0.097927,-0.029870,0.034736,0.002748,-0.001709,0.002441,0.000488,0,0,0,0,3000,3000,3000,3000,0,4500,-4500,00,3,0,0
106.900375,0.000000,0.000000,-0.472656,0.000000,0.000000,-0.097937,-0.029931,0.034736,0.002748,-0.004883,0.001465,-0.003174,0,0,0,0,3000,3000,3000,3000,0,4500,-4500,00,3,0,0
106.902328,0.000000,0.000000,-0.472656,0.000000,0.000000,-0.097746,-0.029931,0.034736,0.002748,0.008301,-0.001221,0.002197,0,0,0,0,3000,3000,3000,3000,0,4500,-4500,00,3,0,0
106.904282,0.000000,0.000000,-0.472656,0.000000,0.000000,-0.097750,-0.029931,0.034736,0.002748,-0.009277,0.002441,0.000488,0,0,0,0,3000,3000,3000,3000,0,4500,-4500,00,3,0,0
106.906235,0.000000,0.000000,-0.472656,0.000000,0.000000,-0.097584,-0.029931,0.034736,0.002748,0.005615,0.000732,-0.000488,0,0,0,0,3000,3000,3000,3000,0,4500,-4500,00,3,0,0
106.908188,0.000000,0.000000,-0.472656,0.000000,0.000000,-0.097498,-0.029931,0.034736,0.002748,0.000244,-0.002441,-0.001221,0,0,0,0,3000,3000,3000,3000,0,4500,-4500,00,3,0,0
106.910141,0.000000,0.000000,-0.472656,0.000000,0.000000,-0.097393,-0.029931,0.034736,0.002748,-0.002930,-0.003418,0.000977,0,0,0,0,3000,3000,3000,3000,0,4500,-4500,00,3,0,0
106.912094,0.000000,0.000000,-0.472656,0.000000,0.000000,-0.097502,-0.029931,0.034736,0.002748,0.002441,-0.001221,0.000000,0,0,0,0,3000,3000,3000,3000,0,4500,-4500,00,3,0,0
106.914047,0.000000,0.000000,-0.472656,0.000000,0.000000,-0.097683,-0.029931,0.034736,0.002748,-0.006104,-0.001709,-0.002686,0,0,0,0,3000,3000,3000,3000,0,4500,-4500,00,3,0,0
106.916000,0.000000,0.000000,-0.472656,0.000000,0.000000,-0.097549,-0.029931,0.034736,0.002748,0.008301,-0.001709,0.002197,0,0,0,0,3000,3000,3000,3000,0,4500,-4500,00,3,0,0
106.917953,0.000000,0.000000,-0.472656,0.000000,0.000000,-0.097464,-0.029931,0.034736,0.002748,-0.004883,-0.000244,0.000488,0,0,0,0,3000,3000,3000,3000,0,4500,-4500,00,3,0,0
106.919907,0.000000,0.000000,-0.472656,0.000000,0.000000,-0.097557,-0.029931,0.034736,0.002748,-0.001221,0.002930,-0.001221,0,0,0,0,3000,3000,3000,3000,0,4500,-4500,00,3,0,0
106.921860,0.000000,0.000000,-0.472656,0.000000,0.000000,-0.097374,-0.029931,0.034736,0.002748,0.000977,-0.002930,0.002686,0,0,0,0,3000,3000,3000,3000,0,4500,-4500,00,3,0,0
106.923820,0.000000,0.000000,-0.472656,0.000000,0.000000,-0.097389,-0.029931,0.034736,0.002748,-0.007080,0.001953,-0.002686,0,0,0,0,3000,3000,3000,3000,0,4500,-4500,00,3,0,0
106.925766,0.000000,0.000000,-0.472656,0.000000,0.000000,-0.097391,-0.029931,0.034736,0.002748,0.007324,-0.001709,0.002197,0,0,0,0,3000,3000,3000,3000,0,4500,-4500,00,3,0,0
106.927719,0.000000,0.000000,-0.472656,0.000000,0.000000,-0.097187,-0.029931,0.034736,0.002748,-0.004395,-0.000244,-0.002686,0,0,0,0,3000,3000,3000,3000,0,4500,-4500,00,3,0,0
106.929672,0.000000,0.000000,-0.476562,0.000000,0.000000,-0.097340,-0.029931,0.034736,0.002748,0.009277,-0.003418,-0.001709,0,0,0,0,3000,3000,3000,3000,0,4500,-4500,00,3,0,0
106.931625,0.000000,0.000000,-0.476562,0.000000,0.000000,-0.097530,-0.029931,0.034736,0.002748,-0.002930,-0.001709,0.000488,0,0,0,0,3000,3000,3000,3000,0,4500,-4500,00,3,0,0
106.933578,0.000000,0.000000,-0.476562,0.000000,0.000000,-0.097462,-0.029931,0.034736,0.002748,-0.010742,0.002930,-0.000488,0,0,0,0,3000,3000,3000,3000,0,4500,-4500,00,3,0,0
106.935532,0.000000,0.000000,-0.476562,0.000000,0.000000,-0.097521,-0.029931,0.034736,0.002748,0.007324,0.003418,-0.002197,0,0,0,0,3000,3000,3000,3000,0,4500,-4500,00,3,0,0
106.937485,0.000000,0.000000,-0.476562,0.000000,0.000000,-0.097471,-0.029931,0.034736,0.002748,-0.014160,0.005615,0.001465,0,0,0,0,3000,3000,3000,3000,0,4500,-4500,00,3,0,0
106.939438,0.000000,0.000000,-0.476562,0.000000,0.000000,-0.097425,-0.029931,0.034736,0.002748,0.007812,0.007812,0.000977,0,0,0,0,3000,3000,3000,3000,0,4500,-4500,00,3,0,0
106.941399,0.000000,0.000000,-0.476562,0.000000,0.000000,-0.097525,-0.029931,0.034736,0.002748,-0.000244,-0.004395,0.002686,0,0,0,0,3000,3000,3000,3000,0,4500,-4500,00,3,0,0
106.943352,0.000000,0.000000,-0.476562,0.000000,0.000000,-0.097349,-0.029863,0.034777,0.002838,-0.007568,0.004639,0.000488,0,0,0,0,3000,3000,3000,3000,0,4500,-4500,00,3,0,0
106.945305,0.000000,0.000000,-0.476562,0.000000,0.000000,-0.097403,-0.029863,0.034777,0.002838,0.016357,-0.002930,-0.000732,0,0,0,0,3000,3000,3000,3000,0,4500,-4500,00,3,0,0
106.947266,0.000000,0.000000,-0.476562,0.000000,0.000000,-0.097639,-0.029863,0.034777,0.002838,-0.012451,0.002441,0.000977,0,0,0,0,3000,3000,3000,3000,0,4500,-4500,00,3,0,0
106.949211,0.000000,0.000000,-0.476562,0.000000,0.000000,-0.097467,-0.029863,0.034777,0.002838,0.005127,0.001465,0.004639,0,0,0,0,3000,3000,3000,3000,0,4500,-4500,00,3,0,0
106.951157,0.000000,0.000000,-0.476562,0.000000,0.000000,-0.097408,-0.029931,0.034736,0.002748,-0.000244,-0.003418,-0.001221,0,0,0,0,3000,3000,3000,3000,0,4500,-4500,00,3,0,0
106.953110,0.000000,0.000000,-0.476562,0.000000,0.000000,-0.097395,-0.029931,0.034736,0.002748,-0.005615,0.000244,-0.001221,0,0,0,0,3000,3000,3000,3000,0,4500,-4500,00,3,0,0
106.955070,0.000000,0.000000,-0.476562,0.000000,0.000000,-0.097137,-0.029863,0.034777,0.002838,0.010010,-0.004395,-0.000732,0,0,0,0,3000,3000,3000,3000,0,4500,-4500,00,3,0,0
106.957024,0.000000,0.000000,-0.476562,0.000000,0.000000,-0.096844,-0.029931,0.034736,0.002748,0.000244,-0.005615,-0.001709,0,0,0,0,3000,3000,3000,3000,0,4500,-4500,00,3,0,0
106.958977,0.000000,0.000000,-0.476562,0.000000,0.000000,-0.097080,-0.029931,0.034736,0.002748,-0.001709,0.005127,-0.001221,0,0,0,0,3000,3000,3000,3000,0,4500,-4500,00,3,0,0
106.960938,0.000000,0.000000,-0.476562,0.000000,0.000000,-0.097090,-0.029931,0.034736,0.002748,-0.004883,-0.006104,-0.002197,0,0,0,0,3000,3000,3000,3000,0,4500,-4500,00,3,0,0
106.962875,0.000000,0.000000,-0.476562,0.000000,0.000000,-0.097116,-0.029931,0.034736,0.002748,0.000244,-0.006592,-0.001709,0,0,0,0,3000,3000,3000,3000,0,4500,-4500,00,3,0,0
106.964836,0.000000,0.000000,-0.476562,0.000000,0.000000,-0.097532,-0.029863,0.034777,0.002838,0.000244,0.007324,0.000977,0,0,0,0,3000,3000,3000,3000,0,4500,-4500,00,3,0,0
106.966789,0.000000,0.000000,-0.476562,0.000000,0.000000,-0.097250,-0.029863,0.034777,0.002838,-0.014160,0.003418,-0.001709,0,0,0,0,3000,3000,3000,3000,0,4500,-4500,00,3,0,0
106.968735,0.000000,0.000000,-0.480469,0.000000,0.000000,-0.097494,-0.029863,0.034777,0.002838,0.010010,0.001953,-0.003906,0,0,0,0,3000,3000,3000,3000,0,4500,-4500,00,3,0,0
106.970688,0.000000,0.000000,-0.406250,0.000000,0.000000,-0.074022,-0.029931,0.034736,0.002748,0.000244,0.002930,-0.000488,0,0,0,0,3000,3000,3000,3000,0,4500,-4500,00,3,0,0
106.972641,0.000000,0.000000,-0.406250,0.000000,0.000000,-0.073915,-0.029931,0.034736,0.002748,0.013184,0.003906,0.000977,0,0,0,0,3000,3000,3000,3000,0,4500,-4500,00,3,0,0
106.974602,0.000000,0.000000,-0.406250,0.000000,0.000000,-0.074266,-0.029931,0.034736,0.002748,-0.002930,0.004639,0.002686,0,0,0,0,3000,3000,3000,3000,0,4500,-4500,00,3,0,0
106.976555,0.000000,0.000000,-0.406250,0.000000,0.000000,-0.074125,-0.029863,0.034777,0.002838,0.004150,0.001953,0.002197,0,0,0,0,3000,3000,3000,3000,0,4500,-4500,00,3,0,0
106.978508,0.000000,0.000000,-0.406250,0.000000,0.000000,-0.074051,-0.029863,0.034777,0.002838,0.014160,0.001465,0.000000,0,0,0,0,3000,3000,3000,3000,0,4500,-4500,00,3,0,0
106.980453,0.000000,0.000000,-0.406250,0.000000,0.000000,-0.073973,-0.029931,0.034736,0.002748,-0.012939,-0.000732,0.004639,0,0,0,0,3000,3000,3000,3000,0,4500,-4500,00,3,0,0
106.982407,0.000000,0.000000,-0.406250,0.000000,0.000000,-0.073820,-0.029931,0.034736,0.002748,0.005127,-0.001709,0.002197,0,0,0,0,3000,3000,3000,3000,0,4500,-4500,00,3,0,0
106.984360,0.000000,0.000000,-0.406250,0.000000,0.000000,-0.073921,-0.029931,0.034736,0.002748,0.001465,-0.002441,0.002686,0,0,0,0,3000,3000,3000,3000,0,4500,-4500,00,3,0,0
106.986313,0.000000,0.000000,-0.406250,0.000000,0.000000,-0.073895,-0.029931,0.034736,0.002748,-0.006104,-0.005615,0.002686,0,0,0,0,3000,3000,3000,3000,0,4500,-4500,00,3,0,0
106.988266,0.000000,0.000000,-0.406250,0.000000,0.000000,-0.073977,-0.029931,0.034736,0.002748,0.004639,-0.001709,0.002686,0,0,0,0,3000,3000,3000,3000,0,4500,-4500,00,3,0,0
106.990219,0.000000,0.000000,-0.410156,0.000000,0.000000,-0.073866,-0.029931,0.034736,0.002748,-0.009277,0.000732,-0.001221,0,0,0,0,3000,3000,3000,3000,0,4500,-4500,00,3,0,0
106.992172,0.000000,0.000000,-0.410156,0.000000,0.000000,-0.074179,-0.029931,0.034736,0.002748,-0.001709,-0.004395,0.000977,0,0,0,0,3000,3000,3000,3000,0,4500,-4500,00,3,0,0
106.994125,0.000000,0.000000,-0.410156,0.000000,0.000000,-0.074310,-0.029931,0.034736,0.002748,-0.004883,-0.001221,-0.001221,0,0,0,0,3000,3000,3000,3000,0,4500,-4500,00,3,0,0
106.996078,0.000000,0.000000,-0.410156,0.000000,0.000000,-0.074076,-0.029931,0.034736,0.002748,-0.002441,0.003906,-0.000488,0,0,0,0,3000,3000,3000,3000,0,4500,-4500,00,3,0,0
106.998032,0.000000,0.000000,-0.410156,0.000000,0.000000,-0.074223,-0.029931,0.034736,0.002748,0.007812,0.010498,-0.001221,0,0,0,0,3000,3000,3000,3000,0,4500,-4500,00,3,0,0
106.999985,0.000000,0.000000,-0.410156,0.000000,0.000000,-0.074032,-0.029931,0.034736,0.002748,-0.002930,0.002930,-0.000488,0,0,0,0,3000,3000,3000,3000,0,4500,-4500,00,3,0,0
107.001938,0.000000,0.000000,-0.410156,0.000000,0.000000,-0.074179,-0.029931,0.034736,0.002748,0.010010,-0.003418,-0.000488,0,0,0,0,3000,3000,3000,3000,0,4500,-4500,00,3,0,0
107.003891,0.000000,0.000000,-0.410156,0.000000,0.000000,-0.074312,-0.029931,0.034736,0.002748,0.001953,0.005615,-0.002197,0,0,0,0,3000,3000,3000,3000,0,4500,-4500,00,3,0,0
107.005852,0.000000,0.000000,-0.410156,0.000000,0.000000,-0.074320,-0.029931,0.034736,0.002748,-0.003906,0.000732,0.002197,0,0,0,0,3000,3000,3000,3000,0,4500,-4500,00,3,0,0
107.007797,0.000000,0.000000,-0.410156,0.000000,0.000000,-0.074547,-0.029863,0.034777,0.002838,0.001953,-0.001221,-0.001221,0,0,0,0,3000,3000,3000,3000,0,4500,-4500,00,3,0,0
107.009750,0.000000,0.000000,-0.410156,0.000000,0.000000,-0.074608,-0.029931,0.034736,0.002748,-0.000732,-0.003906,-0.002197,0,0,0,0,3000,3000,3000,3000,0,4500,-4500,00,3,0,0
107.011703,0.000000,0.000000,-0.410156,0.000000,0.000000,-0.074490,-0.029931,0.034736,0.002748,-0.001221,-0.003418,0.000000,0,0,0,0,3000,3000,3000,3000,0,4500,-4500,00,3,0,0
107.013657,0.000000,0.000000,-0.410156,0.000000,0.000000,-0.074583,-0.029931,0.034736,0.002748,-0.007568,-0.010254,-0.002197,0,0,0,0,3000,3000,3000,3000,0,4500,-4500,00,3,0,0
107.015610,0.000000,0.000000,-0.410156,0.000000,0.000000,-0.074486,-0.029931,0.034736,0.002748,0.000977,-0.003906,-0.001709,0,0,0,0,3000,3000,3000,3000,0,4500,-4500,00,3,0,0
107.017563,0.000000,0.000000,-0.410156,0.000000,0.000000,-0.074537,-0.029931,0.034736,0.002748,0.000244,-0.000244,-0.000488,0,0,0,0,3000,3000,3000,3000,0,4500,-4500,00,3,0,0
107.019516,0.000000,0.000000,-0.410156,0.000000,0.000000,-0.074644,-0.029931,0.034736,0.002748,0.001953,-0.001709,0.002686,0,0,0,0,3000,3000,3000,3000,0,4500,-4500,00,3,0,0
107.021477,0.000000,0.000000,-0.410156,0.000000,0.000000,-0.074596,-0.029931,0.034736,0.002748,0.002441,-0.008301,0.002686,0,0,0,0,3000,3000,3000,3000,0,4500,-4500,00,3,0,0
107.023422,0.000000,0.000000,-0.410156,0.000000,0.000000,-0.074760,-0.029931,0.034736,0.002748,0.003418,0.000732,0.000488,0,0,0,0,3000,3000,3000,3000,0,4500,-4500,00,3,0,0
107.025383,0.000000,0.000000,-0.410156,0.000000,0.000000,-0.074665,-0.029931,0.034736,0.002748,0.005127,0.002930,0.002686,0,0,0,0,3000,3000,3000,3000,0,4500,-4500,00,3,0,0
107.027328,0.000000,0.000000,-0.410156,0.000000,0.000000,-0.074707,-0.029931,0.034736,0.002748,-0.001221,-0.001709,0.003662,0,0,0,0,3000,3000,3000,3000,0,4500,-4500,00,3,0,0
107.029282,0.000000,0.000000,-0.410156,0.000000,0.000000,-0.074541,-0.029931,0.034736,0.002748,0.004639,0.006592,0.004150,0,0,0,0,3000,3000,3000,3000,0,4500,-4500,00,0,100,0
107.031235,0.000000,0.000000,-0.410156,0.000000,0.000000,-0.074608,-0.029931,0.034736,0.002748,-0.002441,0.005615,0.000977,0,0,0,0,3000,3000,3000,3000,0,4500,-4500,00,0,100,0
107.033188,0.000000,0.000000,-0.410156,0.000000,0.000000,-0.074739,-0.029931,0.034736,0.002748,-0.002441,-0.000244,-0.001709,0,0,0,0,3000,3000,3000,3000,0,4500,-4500,00,0,100,0
107.035141,0.000000,0.000000,-0.410156,0.000000,0.000000,-0.074450,-0.029931,0.034736,0.002748,0.000244,-0.007080,-0.000488,0,0,0,0,3000,3000,3000,3000,0,4500,-4500,00,0,100,0
107.037094,0.000000,0.000000,-0.410156,0.000000,0.000000,-0.074757,-0.029931,0.034736,0.002748,-0.003418,0.005127,-0.002197,0,0,0,0,3000,3000,3000,3000,0,4500,-4500,00,0,100,0
107.039047,0.000000,0.000000,-0.410156,0.000000,0.000000,-0.074726,-0.029931,0.034736,0.002748,-0.004395,0.005127,-0.000488,0,0,0,0,3000,3000,3000,3000,0,4500,-4500,00,0,100,0
107.041000,0.000000,0.000000,-0.410156,0.000000,0.000000,-0.074564,-0.029931,0.034736,0.002748,-0.000732,-0.000732,-0.002197,0,0,0,0,3000,3000,3000,3000,0,4500,-4500,00,0,100,0
107.042953,0.000000,0.000000,-0.414062,0.000000,0.000000,-0.074747,-0.029931,0.034736,0.002748,0.000977,0.001465,-0.003906,0,0,0,0,3000,3000,3000,3000,0,4500,-4500,00,0,100,0
107.044907,0.000000,0.000000,-0.414062,0.000000,0.000000,-0.074701,-0.029931,0.034736,0.002748,0.001465,0.000732,-0.000732,0,0,0,0,3000,3000,3000,3000,0,4500,-4500,00,0,100,0
107.046860,0.000000,0.000000,-0.414062,0.000000,0.000000,-0.074928,-0.029863,0.034777,0.002838,-0.003906,-0.010986,-0.001221,0,0,0,0,3000,3000,3000,3000,0,4500,-4500,00,0,100,0
107.048813,0.000000,0.000000,-0.179688,0.000000,0.000000,0.001581,-0.029931,0.034736,0.002748,0.001953,0.000244,0.000977,0,0,0,0,3000,3000,3000,3000,0,4500,-4500,00,0,100,0
107.050766,0.000000,0.000000,-0.179688,0.000000,0.000000,0.001503,-0.029931,0.034736,0.002748,-0.004395,0.009277,-0.000732,0,0,0,0,3000,3000,3000,3000,0,4500,-4500,00,0,100,0
107.052719,0.000000,0.000000,-0.179688,0.000000,0.000000,0.001444,-0.029931,0.034736,0.002748,0.006592,-0.006592,0.000000,0,0,0,0,3000,3000,3000,3000,0,4500,-4500,00,0,100,0
107.054672,0.000000,0.000000,-0.179688,0.000000,0.000000,0.001478,-0.029931,0.034736,0.002748,0.001953,-0.004395,0.005371,0,0,0,0,3000,3000,3000,3000,0,4500,-4500,00,0,100,0
107.056625,0.000000,0.000000,-0.179688,0.000000,0.000000,0.001432,-0.029931,0.034736,0.002748,-0.002930,0.001465,-0.002686,0,0,0,0,3000,3000,3000,3000,0,4500,-4500,00,0,100,0
107.058578,0.000000,0.000000,-0.179688,0.000000,0.000000,0.001364,-0.029931,0.034736,0.002748,0.010986,0.000732,0.000977,0,0,0,0,3000,3000,3000,3000,0,4500,-4500,00,0,100,0
107.060532,0.000000,0.000000,-0.179688,0.000000,0.000000,0.001305,-0.029931,0.034736,0.002748,-0.010254,0.001953,0.000977,0,0,0,0,3000,3000,3000,3000,0,4500,-4500,00,0,100,0
107.062485,0.000000,0.000000,-0.179688,0.000000,0.000000,0.001133,-0.029931,0.034736,0.002748,0.005127,0.000244,0.000488,0,0,0,0,3000,3000,3000,3000,0,4500,-4500,00,0,100,0
107.064438,0.000000,0.000000,-0.179688,0.000000,0.000000,0.001347,-0.029931,0.034736,0.002748,-0.000732,0.003906,0.004150,0,0,0,0,3000,3000,3000,3000,0,4500,-4500,00,0,100,0
107.066391,0.000000,0.000000,-0.179688,0.000000,0.000000,0.001202,-0.029931,0.034736,0.002809,-0.000244,-0.002441,0.005371,0,0,0,0,3000,3000,3000,3000,0,4500,-4500,00,0,100,0
107.068344,0.000000,0.000000,-0.179688,0.000000,0.000000,0.001204,-0.029931,0.034736,0.002809,0.007324,-0.002930,0.004639,0,0,0,0,3000,3000,3000,3000,0,4500,-4500,00,0,100,0
107.070297,0.000000,0.000000,-0.179688,0.000000,0.000000,0.001116,-0.029931,0.034736,0.002809,-0.011963,-0.001221,0.003662,0,0,0,0,3000,3000,3000,3000,0,4500,-4500,00,0,100,0
107.072250,0.000000,0.000000,-0.179688,0.000000,0.000000,0.001087,-0.029931,0.034736,0.002809,0.007324,-0.000244,0.001465,0,0,0,0,3000,3000,3000,3000,0,4500,-4500,00,0,100,0
107.074203,0.000000,0.000000,-0.179688,0.000000,0.000000,0.001236,-0.029931,0.034736,0.002809,-0.001709,-0.001709,0.003662,0,0,0,0,3000,3000,3000,3000,0,4500,-4500,00,0,100,0
107.076157,0.000000,0.000000,-0.179688,0.000000,0.000000,0.001139,-0.029931,0.034736,0.002809,-0.000244,-0.002441,-0.000732,0,0,0,0,3000,3000,3000,3000,0,4500,-4500,00,0,100,0
107.078110,0.000000,0.000000,-0.179688,0.000000,0.000000,0.001083,-0.029931,0.034736,0.002809,0.006104,-0.001709,0.002197,0,0,0,0,3000,3000,3000,3000,0,4500,-4500,00,0,100,0
107.080063,0.000000,0.000000,-0.179688,0.000000,0.000000,0.001060,-0.029931,0.034736,0.002809,-0.004883,-0.000732,-0.002686,0,0,0,0,3000,3000,3000,3000,0,4500,-4500,00,0,100,0
107.082016,0.000000,0.000000,-0.179688,0.000000,0.000000,0.001188,-0.029931,0.034736,0.002809,0.008301,-0.000732,0.000000,0,0,0,0,3000,3000,3000,3000,0,4500,-4500,00,0,100,0
107.083977,0.000000,0.000000,-0.179688,0.000000,0.000000,0.001062,-0.029931,0.034736,0.002809,-0.007080,0.000732,-0.001221,0,0,0,0,3000,3000,3000,3000,0,4500,-4500,00,0,100,0
107.085922,0.000000,0.000000,-0.179688,0.000000,0.000000,0.000906,-0.029931,0.034736,0.002809,0.001465,-0.000732,-0.005371,0,0,0,0,3000,3000,3000,3000,0,4500,-4500,00,0,100,0
107.087875,0.000000,0.000000,-0.179688,0.000000,0.000000,0.000757,-0.029931,0.034736,0.002809,-0.000244,0.002930,-0.000488,0,0,0,0,3000,3000,3000,3000,0,4500,-4500,00,0,100,0
107.089828,0.000000,0.000000,-0.179688,0.000000,0.000000,0.000671,-0.029931,0.034736,0.002809,-0.010254,0.003906,-0.002686,0,0,0,0,3000,3000,3000,3000,0,4500,-4500,00,0,100,0
107.091782,0.000000,0.000000,-0.179688,0.000000,0.000000,0.000677,-0.029931,0.034736,0.002809,0.005127,0.002930,-0.000732,0,0,0,0,3000,3000,3000,3000,0,4500,-4500,00,0,100,0
107.093735,0.000000,0.000000,-0.179688,0.000000,0.000000,0.000587,-0.029931,0.034736,0.002809,-0.004883,0.001465,-0.001709,0,0,0,0,3000,3000,3000,3000,0,4500,-4500,00,0,100,0
107.095688,0.000000,0.000000,-0.179688,0.000000,0.000000,0.000473,-0.029931,0.034736,0.002809,0.000977,0.001953,-0.001221,0,0,0,0,3000,3000,3000,3000,0,4500,-4500,00,0,100,0
107.097641,0.000000,0.000000,-0.179688,0.000000,0.000000,0.000595,-0.029931,0.034736,0.002809,0.005615,0.000244,0.001465,0,0,0,0,3000,3000,3000,3000,0,4500,-4500,00,0,100,0
107.099594,0.000000,0.000000,-0.179688,0.000000,0.000000,0.000477,-0.029931,0.034736,0.002809,-0.001709,-0.002930,0.001465,0,0,0,0,3000,3000,3000,3000,0,4500,-4500,00,0,100,0
107.101547,0.000000,0.000000,-0.179688,0.000000,0.000000,0.000523,-0.029931,0.034736,0.002809,0.009277,-0.002441,0.002686,0,0,0,0,3000,3000,3000,3000,0,4500,-4500,00,0,100,0
107.103500,0.000000,0.000000,-0.179688,0.000000,0.000000,0.000565,-0.029931,0.034736,0.002809,-0.004395,-0.000732,0.004150,0,0,0,0,3000,3000,3000,3000,0,4500,-4500,00,0,100,0
107.105453,0.000000,0.000000,-0.179688,0.000000,0.000000,0.000666,-0.029931,0.034736,0.002809,0.007812,-0.004395,0.002197,0,0,0,0,3000,3000,3000,3000,0,4500,-4500,00,0,100,0
107.107407,0.000000,0.000000,-0.179688,0.000000,0.000000,0.000513,-0.029931,0.034736,0.002809,-0.002441,-0.002441,0.000000,0,0,0,0,3000,3000,3000,3000,0,4500,-4500,00,0,100,0
107.109360,0.000000,0.000000,-0.179688,0.000000,0.000000,0.000479,-0.029931,0.034736,0.002809,-0.001709,-0.003418,0.000977,0,0,0,0,3000,3000,3000,3000,0,4500,-4500,00,0,100,0
107.111313,0.000000,0.000000,-0.179688,0.000000,0.000000,0.000624,-0.029931,0.034736,0.002809,0.006592,-0.001709,0.004639,0,0,0,0,3000,3000,3000,3000,0,4500,-4500,00,0,100,0
107.113266,0.000000,0.000000,-0.179688,0.000000,0.000000,0.000603,-0.029931,0.034736,0.002809,-0.007568,-0.002441,0.000000,0,0,0,0,3000,3000,3000,3000,0,4500,-4500,00,0,100,0
107.115219,0.000000,0.000000,-0.179688,0.000000,0.000000,0.000340,-0.029862,0.034778,0.002899,0.004639,0.001953,-0.000488,0,0,0,0,3000,3000,3000,3000,0,4500,-4500,00,0,100,0
107.117172,0.000000,0.000000,-0.179688,0.000000,0.000000,0.000422,-0.029931,0.034736,0.002809,-0.003418,-0.001221,-0.000488,0,0,0,0,3000,3000,3000,3000,0,4500,-4500,00,0,100,0
107.119125,0.000000,0.000000,-0.179688,0.000000,0.000000,0.000257,-0.029931,0.034736,0.002809,0.001465,0.002441,-0.007080,0,0,0,0,3000,3000,3000,3000,0,4500,-4500,00,0,100,0
107.121078,0.000000,0.000000,-0.179688,0.000000,0.000000,0.000320,-0.029931,0.034736,0.002809,0.006592,-0.001221,0.002686,0,0,0,0,3000,3000,3000,3000,0,4500,-4500,00,0,100,0
107.123032,0.000000,0.000000,-0.179688,0.000000,0.000000,0.000288,-0.029931,0.034736,0.002809,-0.006592,0.001953,-0.000488,0,0,0,0,3000,3000,3000,3000,0,4500,-4500,00,0,100,0
107.124985,0.000000,0.000000,-0.179688,0.000000,0.000000,0.000330,-0.029931,0.034736,0.002809,0.006592,0.001953,0.000000,0,0,0,0,3000,3000,3000,3000,0,4500,-4500,00,0,100,0
107.126938,0.000000,0.000000,-0.156250,0.000000,0.000000,0.007303,-0.029931,0.034736,0.002809,-0.006104,0.002441,-0.001221,0,0,0,0,3000,3000,3000,3000,0,4500,-4500,00,0,100,0
107.128891,0.000000,0.000000,-0.156250,0.000000,0.000000,0.007257,-0.029931,0.034736,0.002809,0.003418,-0.000732,-0.003174,0,0,0,0,3000,3000,3000,3000,0,4500,-4500,00,0,100,0
107.130844,0.000000,0.000000,-0.156250,0.000000,0.000000,0.007330,-0.029931,0.034736,0.002809,-0.003906,-0.001709,-0.002686,0,0,0,0,3000,3000,3000,3000,0,4500,-4500,00,0,100,0
107.132797,0.000000,0.000000,-0.156250,0.000000,0.000000,0.007334,-0.029931,0.034736,0.002809,-0.006592,0.000244,-0.000488,0,0,0,0,3000,3000,3000,3000,0,4500,-4500,00,0,100,0
107.133797,0.000000,0.000000,-0.156250,0.000000,0.000000,0.007410,-0.029931,0.034736,0.002809,0.005127,-0.001709,-0.001709,0,0,0,0,3000,3000,3000,3000,0,4500,-4500,00,0,100,0
107.136711,0.000000,0.000000,-0.156250,0.000000,0.000000,0.007366,-0.029862,0.034778,0.002899,0.002441,-0.003418,-0.003174,0,0,0,0,3000,3000,3000,3000,0,4500,-4500,00,0,100,0
107.138657,0.000000,0.000000,-0.156250,0.000000,0.000000,0.007610,-0.029931,0.034736,0.002809,0.005127,-0.001709,0.001465,0,0,0,0,3000,3000,3000,3000,0,4500,-4500,00,0,100,0
107.140610,0.000000,0.000000,-0.156250,0.000000,0.000000,0.007603,-0.029931,0.034736,0.002809,0.001465,-0.000732,0.003174,0,0,0,0,3000,3000,3000,3000,0,4500,-4500,00,0,100,0
107.142563,0.000000,0.000000,-0.156250,0.000000,0.000000,0.007616,-0.029931,0.034736,0.002809,-0.003418,-0.003418,0.003662,0,0,0,0,3000,3000,3000,3000,0,4500,-4500,00,0,100,0
107.144516,0.000000,0.000000,-0.156250,0.000000,0.000000,0.007692,-0.029931,0.034736,0.002809,0.006592,-0.001221,0.001465,0,0,0,0,3000,3000,3000,3000,0,4500,-4500,00,0,100,0
107.146469,0.000000,0.000000,-0.156250,0.000000,0.000000,0.007631,-0.029931,0.034736,0.002809,-0.005615,-0.000244,0.000977,0,0,0,0,3000,3000,3000,3000,0,4500,-4500,00,0,100,0
107.148422,0.000000,0.000000,-0.156250,0.000000,0.000000,0.007792,-0.029931,0.034736,0.002809,0.010498,0.001465,0.005859,0,0,0,0,3000,3000,3000,3000,0,4500,-4500,00,0,100,0
107.150375,0.000000,0.000000,-0.156250,0.000000,0.000000,0.007973,-0.029931,0.034736,0.002809,0.001465,0.003906,0.004150,0,0,0,0,3000,3000,3000,3000,0,4500,-4500,00,0,100,0
107.152328,0.000000,0.000000,-0.156250,0.000000,0.000000,0.007818,-0.029931,0.034736,0.002809,-0.001709,0.000244,0.000000,0,0,0,0,3000,3000,3000,3000,0,4500,-4500,00,0,100,0
107.154282,0.000000,0.000000,-0.156250,0.000000,0.000000,0.007664,-0.029931,0.034736,0.002809,0.004639,0.001953,0.000488,0,0,0,0,3000,3000,3000,3000,0,4500,-4500,00,0,100,0
107.156235,0.000000,0.000000,-0.156250,0.000000,0.000000,0.007742,-0.029931,0.034736,0.002809,-0.006104,0.003418,-0.000732,0,0,0,0,3000,3000,3000,3000,0,4500,-4500,00,0,100,0
107.158188,0.000000,0.000000,-0.156250,0.000000,0.000000,0.007866,-0.029931,0.034736,0.002809,0.006104,0.000244,0.000000,0,0,0,0,3000,3000,3000,3000,0,4500,-4500,00,0,100,0
107.160141,0.000000,0.000000,-0.156250,0.000000,0.000000,0.007975,-0.029931,0.034736,0.002809,-0.006104,-0.000244,-0.001709,0,0,0,0,3000,3000,3000,3000,0,4500,-4500,00,0,100,0
107.162094,0.000000,0.000000,-0.156250,0.000000,0.000000,0.007992,-0.029931,0.034736,0.002809,0.003418,-0.002441,-0.001709,0,0,0,0,3000,3000,3000,3000,0,4500,-4500,00,0,100,0
107.164047,0.000000,0.000000,-0.156250,0.000000,0.000000,0.008099,-0.029931,0.034736,0.002809,-0.000732,0.000244,-0.002197,0,0,0,0,3000,3000,3000,3000,0,4500,-4500,00,0,100,0
107.166000,0.000000,0.000000,-0.156250,0.000000,0.000000,0.008078,-0.029931,0.034736,0.002809,-0.000732,-0.000732,0.002197,0,0,0,0,3000,3000,3000,3000,0,4500,-4500,00,0,100,0
107.167953,0.000000,0.000000,-0.156250,0.000000,0.000000,0.008160,-0.029931,0.034736,0.002809,0.007324,0.000244,0.000000,0,0,0,0,3000,3000,3000,3000,0,4500,-4500,00,0,100,0
107.169907,0.000000,0.000000,-0.156250,0.000000,0.000000,0.008200,-0.029862,0.034778,0.002899,-0.007080,-0.000732,-0.003906,0,0,0,0,3000,3000,3000,3000,0,4500,-4500,00,0,100,0
107.171860,0.000000,0.000000,-0.156250,0.000000,0.000000,0.008282,-0.029931,0.034736,0.002809,0.002441,-0.000244,-0.000488,0,0,0,0,3000,3000,3000,3000,0,4500,-4500,00,0,100,0
107.173813,0.000000,0.000000,-0.156250,0.000000,0.000000,0.008238,-0.029931,0.034736,0.002809,0.001465,-0.002441,0.002197,0,0,0,0,3000,3000,3000,3000,0,4500,-4500,00,0,100,0
107.175766,0.000000,0.000000,-0.156250,0.000000,0.000000,0.008251,-0.029931,0.034736,0.002809,-0.001709,-0.000244,-0.001221,0,0,0,0,3000,3000,3000,3000,0,4500,-4500,00,0,100,0
107.177719,0.000000,0.000000,-0.156250,0.000000,0.000000,0.008423,-0.029931,0.034736,0.002809,0.007812,-0.002441,0.000488,0,0,0,0,3000,3000,3000,3000,0,4500,-4500,00,0,100,0
107.179672,0.000000,0.000000,-0.156250,0.000000,0.000000,0.008354,-0.029931,0.034736,0.002809,-0.007080,0.002930,0.000488,0,0,0,0,3000,3000,3000,3000,0,4500,-4500,00,0,100,0
107.181625,0.000000,0.000000,-0.156250,0.000000,0.000000,0.008535,-0.029931,0.034736,0.002809,0.004639,0.002441,0.000488,0,0,0,0,3000,3000,3000,3000,0,4500,-4500,00,0,100,0
107.183571,0.000000,0.000000,-0.156250,0.000000,0.000000,0.008450,-0.029931,0.034736,0.002809,-0.001709,0.002441,0.001465,0,0,0,0,3000,3000,3000,3000,0,4500,-4500,00,0,100,0
107.185532,0.000000,0.000000,-0.156250,0.000000,0.000000,0.008501,-0.029862,0.034778,0.002899,-0.001221,-0.000732,-0.000488,0,0,0,0,3000,3000,3000,3000,0,4500,-4500,00,0,100,0
107.187485,0.000000,0.000000,-0.156250,0.000000,0.000000,0.008440,-0.029931,0.034736,0.002809,0.001953,-0.000732,0.003174,0,0,0,0,3000,3000,3000,3000,0,4500,-4500,00,0,100,0
107.189445,0.000000,0.000000,-0.156250,0.000000,0.000000,0.008488,-0.029931,0.034736,0.002809,-0.004395,-0.000244,0.000488,0,0,0,0,3000,3000,3000,3000,0,4500,-4500,00,0,100,0
107.191391,0.000000,0.000000,-0.156250,0.000000,0.000000,0.008474,-0.029862,0.034778,0.002899,0.007812,-0.002441,0.005371,0,0,0,0,3000,3000,3000,3000,0,4500,-4500,00,0,100,0
107.193344,0.000000,0.000000,-0.156250,0.000000,0.000000,0.008560,-0.029931,0.034736,0.002809,-0.000244,0.000244,0.000488,0,0,0,0,3000,3000,3000,3000,0,4500,-4500,00,0,100,0
107.195297,0.000000,0.000000,-0.156250,0.000000,0.000000,0.008625,-0.029931,0.034736,0.002809,-0.000244,0.000732,-0.000488,0,0,0,0,3000,3000,3000,3000,0,4500,-4500,00,0,100,0
107.197250,0.000000,0.000000,-0.156250,0.000000,0.000000,0.008654,-0.029931,0.034736,0.002809,0.003418,0.001953,0.003662,0,0,0,0,3000,3000,3000,3000,0,4500,-4500,00,0,100,0
107.199203,0.000000,0.000000,-0.156250,0.000000,0.000000,0.008656,-0.029931,0.034736,0.002809,-0.000244,0.000244,-0.001221,0,0,0,0,3000,3000,3000,3000,0,4500,-4500,00,0,100,0
107.201157,0.000000,0.000000,-0.156250,0.000000,0.000000,0.008688,-0.029870,0.034736,0.002809,0.005127,0.001953,0.001465,0,0,0,0,3000,3000,3000,3000,0,4500,-4500,00,0,100,0
107.203110,0.000000,0.000000,-0.156250,0.000000,0.000000,0.008755,-0.029870,0.034736,0.002809,-0.007568,0.000732,-0.004395,0,0,0,0,3000,3000,3000,3000,0,4500,-4500,00,0,100,0
107.205063,0.000000,0.000000,-0.140625,0.000000,0.000000,0.013123,-0.029870,0.034736,0.002809,0.001465,-0.001709,0.000977,0,0,0,0,3000,3000,3000,3000,0,4500,-4500,00,0,100,0
107.207016,0.000000,0.000000,-0.140625,0.000000,0.000000,0.013199,-0.029870,0.034736,0.002809,-0.003906,0.000732,-0.001221,0,0,0,0,3000,3000,3000,3000,0,4500,-4500,00,0,100,0
107.208969,0.000000,0.000000,-0.140625,0.000000,0.000000,0.013220,-0.029801,0.034777,0.002901,-0.000244,-0.000244,-0.003174,0,0,0,0,3000,3000,3000,3000,0,4500,-4500,00,0,100,0
107.210930,0.000000,0.000000,-0.140625,0.000000,0.000000,0.013165,-0.029801,0.034777,0.002901,0.001953,0.000732,0.000977,0,0,0,0,3000,3000,3000,3000,0,4500,-4500,00,0,100,0
107.212875,0.000000,0.000000,-0.140625,0.000000,0.000000,0.013103,-0.029870,0.034736,0.002809,-0.004395,-0.000244,-0.001221,0,0,0,0,3000,3000,3000,3000,0,4500,-4500,00,0,100,0
107.214828,0.000000,0.000000,-0.140625,0.000000,0.000000,0.013092,-0.029870,0.034736,0.002809,0.006104,0.000244,-0.000488,0,0,0,0,3000,3000,3000,3000,0,4500,-4500,00,0,100,0
107.216782,0.000000,0.000000,-0.140625,0.000000,0.000000,0.013161,-0.029870,0.034736,0.002809,-0.001221,0.000244,-0.000732,0,0,0,0,3000,3000,3000,3000,0,4500,-4500,00,0,100,0
107.218735,0.000000,0.000000,-0.140625,0.000000,0.000000,0.013197,-0.029870,0.034736,0.002809,-0.001221,0.001953,0.000000,0,0,0,0,3000,3000,3000,3000,0,4500,-4500,00,0,100,0
107.220695,0.000000,0.000000,-0.140625,0.000000,0.000000,0.013330,-0.029870,0.034736,0.002809,0.004150,-0.000244,0.003174,0,0,0,0,3000,3000,3000,3000,0,4500,-4500,00,0,100,0
107.222641,0.000000,0.000000,-0.140625,0.000000,0.000000,0.013094,-0.029870,0.034736,0.002809,-0.006592,-0.001709,0.004150,0,0,0,0,3000,3000,3000,3000,0,4500,-4500,00,0,100,0
107.224602,0.000000,0.000000,-0.140625,0.000000,0.000000,0.013111,-0.029870,0.034736,0.002809,0.006104,-0.000244,0.000000,0,0,0,0,3000,3000,3000,3000,0,4500,-4500,00,0,100,0
107.226547,0.000000,0.000000,-0.140625,0.000000,0.000000,0.013062,-0.029870,0.034736,0.002809,-0.003906,-0.001709,0.000488,0,0,0,0,3000,3000,3000,3000,0,4500,-4500,00,0,100,0
107.228500,0.000000,0.000000,-0.140625,0.000000,0.000000,0.012938,-0.029870,0.034736,0.002809,0.000977,0.001953,0.000977,0,0,0,0,3000,3000,3000,3000,0,4500,-4500,00,0,100,0
107.230453,0.000000,0.000000,-0.140625,0.000000,0.000000,0.012737,-0.029870,0.034736,0.002809,0.004150,-0.001221,0.003174,0,0,0,0,3000,3000,3000,3000,0,4500,-4500,00,0,100,0
107.232407,0.000000,0.000000,-0.140625,0.000000,0.000000,0.012590,-0.029870,0.034736,0.002809,-0.004395,-0.000732,-0.000488,0,0,0,0,3000,3000,3000,3000,0,4500,-4500,00,0,100,0
107.234367,0.000000,0.000000,-0.140625,0.000000,0.000000,0.012630,-0.029870,0.034736,0.002871,0.006104,-0.000244,0.000977,0,0,0,0,3000,3000,3000,3000,0,4500,-4500,00,0,100,0
107.236313,0.000000,0.000000,-0.140625,0.000000,0.000000,0.012680,-0.029870,0.034736,0.002871,-0.004883,-0.000244,0.000977,0,0,0,0,3000,3000,3000,3000,0,4500,-4500,00,0,100,0
107.238266,0.000000,0.000000,-0.140625,0.000000,0.000000,0.012640,-0.029870,0.034736,0.002871,0.004150,0.002441,0.001465,0,0,0,0,3000,3000,3000,3000,0,4500,-4500,00,0,100,0
107.240219,0.000000,0.000000,-0.140625,0.000000,0.000000,0.012516,-0.029870,0.034736,0.002871,-0.001709,-0.000244,0.002197,0,0,0,0,3000,3000,3000,3000,0,4500,-4500,00,0,100,0
107.242172,0.000000,0.000000,-0.140625,0.000000,0.000000,0.012533,-0.029870,0.034736,0.002871,-0.002930,-0.000244,0.000000,0,0,0,0,3000,3000,3000,3000,0,4500,-4500,00,0,100,0
107.244125,0.000000,0.000000,-0.140625,0.000000,0.000000,0.012732,-0.029870,0.034736,0.002871,0.004150,0.001953,-0.002197,0,0,0,0,3000,3000,3000,3000,0,4500,-4500,00,0,100,0
107.246078,0.000000,0.000000,-0.140625,0.000000,0.000000,0.012779,-0.029870,0.034736,0.002871,-0.005615,0.000244,-0.001221,0,0,0,0,3000,3000,3000,3000,0,4500,-4500,00,0,100,0
107.248032,0.000000,0.000000,-0.140625,0.000000,0.000000,0.012772,-0.029870,0.034736,0.002871,0.001465,-0.000732,-0.000488,0,0,0,0,3000,3000,3000,3000,0,4500,-4500,00,0,100,0
107.249985,0.000000,0.000000,-0.140625,0.000000,0.000000,0.012741,-0.029870,0.034736,0.002871,-0.000244,0.002930,0.000000,0,0,0,0,3000,3000,3000,3000,0,4500,-4500,00,0,100,0
107.251938,0.000000,0.000000,-0.140625,0.000000,0.000000,0.012636,-0.029870,0.034736,0.002871,-0.000732,-0.001221,-0.000732,0,0,0,0,3000,3000,3000,3000,0,4500,-4500,00,0,100,0
107.253891,0.000000,0.000000,-0.140625,0.000000,0.000000,0.012680,-0.029870,0.034736,0.002871,0.006592,-0.003418,0.003174,0,0,0,0,3000,3000,3000,3000,0,4500,-4500,00,0,100,0
107.255844,0.000000,0.000000,-0.140625,0.000000,0.000000,0.012579,-0.029870,0.034736,0.002871,-0.004883,-0.001221,0.000000,0,0,0,0,3000,3000,3000,3000,0,4500,-4500,00,0,100,0
107.257797,0.000000,0.000000,-0.140625,0.000000,0.000000,0.012508,-0.029870,0.034736,0.002871,0.005615,0.000732,0.000000,0,0,0,0,3000,3000,3000,3000,0,4500,-4500,00,0,100,0
107.259750,0.000000,0.000000,-0.140625,0.000000,0.000000,0.012520,-0.029870,0.034736,0.002871,-0.006592,0.001953,0.003174,0,0,0,0,3000,3000,3000,3000,0,4500,-4500,00,0,100,0
107.261703,0.000000,0.000000,-0.140625,0.000000,0.000000,0.012358,-0.029870,0.034736,0.002871,-0.000732,0.002930,-0.001709,0,0,0,0,3000,3000,3000,3000,0,4500,-4500,00,0,100,0
107.263657,0.000000,0.000000,-0.140625,0.000000,0.000000,0.012407,-0.029870,0.034736,0.002871,0.000244,-0.000732,0.000977,0,0,0,0,3000,3000,3000,3000,0,4500,-4500,00,0,100,0
107.265610,0.000000,0.000000,-0.140625,0.000000,0.000000,0.012327,-0.029870,0.034736,0.002871,-0.008789,-0.000244,0.003174,0,0,0,0,3000,3000,3000,3000,0,4500,-4500,00,0,100,0
107.267563,0.000000,0.000000,-0.140625,0.000000,0.000000,0.012398,-0.029870,0.034736,0.002871,0.004639,0.000244,0.000000,0,0,0,0,3000,3000,3000,3000,0,4500,-4500,00,0,100,0
107.269516,0.000000,0.000000,-0.140625,0.000000,0.000000,0.012495,-0.029870,0.034736,0.002871,-0.005615,0.001465,-0.000732,0,0,0,0,3000,3000,3000,3000,0,4500,-4500,00,0,100,0
107.271469,0.000000,0.000000,-0.140625,0.000000,0.000000,0.012503,-0.029870,0.034736,0.002871,0.003418,-0.000244,-0.000732,0,0,0,0,3000,3000,3000,3000,0,4500,-4500,00,0,100,0
107.273422,0.000000,0.000000,-0.140625,0.000000,0.000000,0.012619,-0.029870,0.034736,0.002871,-0.000244,0.001465,0.002197,0,0,0,0,3000,3000,3000,3000,0,4500,-4500,00,0,100,0
107.275375,0.000000,0.000000,-0.140625,0.000000,0.000000,0.012524,-0.029870,0.034736,0.002871,-0.002930,0.000732,0.000000,0,0,0,0,3000,3000,3000,3000,0,4500,-4500,00,0,100,0
107.277328,0.000000,0.000000,-0.140625,0.000000,0.000000,0.012501,-0.029870,0.034736,0.002871,0.004639,-0.000732,0.001465,0,0,0,0,3000,3000,3000,3000,0,4500,-4500,00,0,100,0
107.279282,0.000000,0.000000,-0.140625,0.000000,0.000000,0.012505,-0.029870,0.034736,0.002871,-0.004883,0.001953,-0.004395,0,0,0,0,3000,3000,3000,3000,0,4500,-4500,00,0,100,0
107.281235,0.000000,0.000000,-0.140625,0.000000,0.000000,0.012558,-0.029870,0.034736,0.002871,0.005615,-0.003418,0.001465,0,0,0,0,3000,3000,3000,3000,0,4500,-4500,00,0,100,0
107.283188,0.000000,0.000000,-0.039062,0.000000,0.000000,0.045530,-0.029870,0.034736,0.002871,-0.002930,0.000244,0.000000,0,0,0,0,3000,3000,3000,3000,0,4500,-4500,00,0,100,0
107.285141,0.000000,0.000000,-0.039062,0.000000,0.000000,0.045513,-0.029870,0.034736,0.002871,-0.001221,-0.000244,0.001465,0,0,0,0,3000,3000,3000,3000,0,4500,-4500,00,0,100,0
107.287094,0.000000,0.000000,-0.039062,0.000000,0.000000,0.045658,-0.029870,0.034736,0.002871,0.002930,-0.000732,0.003662,0,0,0,0,3000,3000,3000,3000,0,4500,-4500,00,0,100,0
107.289047,0.000000,0.000000,-0.039062,0.000000,0.000000,0.045568,-0.029870,0.034736,0.002871,-0.005615,0.002441,-0.000732,0,0,0,0,3000,3000,3000,3000,0,4500,-4500,00,0,100,0
107.291000,0.000000,0.000000,-0.039062,0.000000,0.000000,0.045858,-0.029870,0.034736,0.002871,0.003418,0.000732,0.000977,0,0,0,0,3000,3000,3000,3000,0,4500,-4500,00,0,100,0
107.292953,0.000000,0.000000,-0.039062,0.000000,0.000000,0.045855,-0.029870,0.034736,0.002871,-0.003906,-0.000732,-0.001709,0,0,0,0,3000,3000,3000,3000,0,4500,-4500,00,0,100,0
107.294907,0.000000,0.000000,-0.039062,0.000000,0.000000,0.045870,-0.029870,0.034736,0.002871,0.003418,0.000244,-0.003174,0,0,0,0,3000,3000,3000,3000,0,4500,-4500,00,0,100,0
107.296860,0.000000,0.000000,-0.039062,0.000000,0.000000,0.045658,-0.029870,0.034736,0.002871,0.001465,0.000244,0.002686,0,0,0,0,3000,3000,3000,3000,0,4500,-4500,00,0,100,0
107.298813,0.000000,0.000000,-0.039062,0.000000,0.000000,0.045401,-0.029870,0.034736,0.002871,-0.008301,0.001465,-0.001221,0,0,0,0,3000,3000,3000,3000,0,4500,-4500,00,0,100,0
107.300766,0.000000,0.000000,-0.039062,0.000000,0.000000,0.045376,-0.029870,0.034736,0.002871,0.007324,-0.000244,0.000488,0,0,0,0,3000,3000,3000,3000,0,4500,-4500,00,0,100,0
107.302719,0.000000,0.000000,-0.039062,0.000000,0.000000,0.045341,-0.029870,0.034736,0.002871,-0.004395,0.002441,-0.000732,0,0,0,0,3000,3000,3000,3000,0,4500,-4500,00,0,100,0
107.304672,0.000000,0.000000,-0.039062,0.000000,0.000000,0.045258,-0.029870,0.034736,0.002871,0.001953,0.001953,0.000000,0,0,0,0,3000,3000,3000,3000,0,4500,-4500,00,0,100,0
107.306625,0.000000,0.000000,-0.039062,0.000000,0.000000,0.045303,-0.029870,0.034736,0.002871,0.002441,-0.000244,0.001465,0,0,0,0,3000,3000,3000,3000,0,4500,-4500,00,0,100,0
107.308578,0.000000,0.000000,-0.039062,0.000000,0.000000,0.045174,-0.029870,0.034736,0.002871,-0.006104,0.000244,-0.000488,0,0,0,0,3000,3000,3000,3000,0,4500,-4500,00,0,100,0
107.310532,0.000000,0.000000,-0.039062,0.000000,0.000000,0.045248,-0.029870,0.034736,0.002871,0.006104,0.001465,-0.000732,0,0,0,0,3000,3000,3000,3000,0,4500,-4500,00,0,100,0
107.312492,0.000000,0.000000,-0.039062,0.000000,0.000000,0.045189,-0.029870,0.034736,0.002871,-0.005615,-0.001221,0.000977,0,0,0,0,3000,3000,3000,3000,0,4500,-4500,00,0,100,0
107.314438,0.000000,0.000000,-0.039062,0.000000,0.000000,0.045116,-0.029870,0.034736,0.002871,0.004639,-0.002441,0.001465,0,0,0,0,3000,3000,3000,3000,0,4500,-4500,00,0,100,0
107.316391,0.000000,0.000000,-0.039062,0.000000,0.000000,0.045149,-0.029870,0.034736,0.002871,-0.005615,0.000244,0.000000,0,0,0,0,3000,3000,3000,3000,0,4500,-4500,00,0,100,0
107.318344,0.000000,0.000000,-0.039062,0.000000,0.000000,0.045219,-0.029870,0.034736,0.002871,0.002930,-0.000732,-0.004883,0,0,0,0,3000,3000,3000,3000,0,4500,-4500,00,0,100,0
107.320297,0.000000,0.000000,-0.039062,0.000000,0.000000,0.045338,-0.029870,0.034736,0.002871,0.004639,-0.000244,0.001465,0,0,0,0,3000,3000,3000,3000,0,4500,-4500,00,0,100,0
107.322250,0.000000,0.000000,-0.039062,0.000000,0.000000,0.045504,-0.029870,0.034736,0.002871,-0.005615,0.000732,-0.000732,0,0,0,0,3000,3000,3000,3000,0,4500,-4500,00,0,100,0
107.324203,0.000000,0.000000,-0.039062,0.000000,0.000000,0.045721,-0.029870,0.034736,0.002871,0.004150,-0.000732,0.000488,0,0,0,0,3000,3000,3000,3000,0,4500,-4500,00,0,100,0
107.326157,0.000000,0.000000,-0.039062,0.000000,0.000000,0.045567,-0.029870,0.034736,0.002871,-0.002441,0.000244,0.001465,0,0,0,0,3000,3000,3000,3000,0,4500,-4500,00,0,100,0
107.328110,0.000000,0.000000,-0.039062,0.000000,0.000000,0.045410,-0.029870,0.034736,0.002871,-0.002441,-0.000244,-0.002686,0,0,0,0,3000,3000,3000,3000,0,4500,-4500,00,0,100,0
107.330063,0.000000,0.000000,-0.039062,0.000000,0.000000,0.045456,-0.029870,0.034736,0.002871,0.002441,-0.000732,0.003662,0,0,0,0,3000,3000,3000,3000,0,4500,-4500,00,0,100,0
107.332016,0.000000,0.000000,-0.039062,0.000000,0.000000,0.045439,-0.029870,0.034736,0.002871,-0.004395,0.000732,0.000488,0,0,0,0,3000,3000,3000,3000,0,4500,-4500,00,0,100,0
107.333969,0.000000,0.000000,-0.039062,0.000000,0.000000,0.045418,-0.029800,0.034778,0.002962,0.005127,0.001953,0.000000,0,0,0,0,3000,3000,3000,3000,0,4500,-4500,00,0,100,0
107.335930,0.000000,0.000000,-0.039062,0.000000,0.000000,0.045300,-0.029870,0.034736,0.002871,-0.007080,0.000732,0.000000,0,0,0,0,3000,3000,3000,3000,0,4500,-4500,00,0,100,0
107.337875,0.000000,0.000000,-0.039062,0.000000,0.000000,0.045261,-0.029800,0.034778,0.002962,0.005127,-0.000244,0.000488,0,0,0,0,3000,3000,3000,3000,0,4500,-4500,00,0,100,0
107.339828,0.000000,0.000000,-0.039062,0.000000,0.000000,0.045311,-0.029800,0.034778,0.002962,-0.001221,-0.002930,-0.000488,0,0,0,0,3000,3000,3000,3000,0,4500,-4500,00,0,100,0
107.341782,0.000000,0.000000,-0.039062,0.000000,0.000000,0.045380,-0.029870,0.034736,0.002871,-0.002441,-0.001221,-0.002197,0,0,0,0,3000,3000,3000,3000,0,4500,-4500,00,0,100,0
107.343735,0.000000,0.000000,-0.039062,0.000000,0.000000,0.045492,-0.029870,0.034736,0.002871,0.006104,0.000732,-0.000732,0,0,0,0,3000,3000,3000,3000,0,4500,-4500,00,0,100,0
107.345688,0.000000,0.000000,-0.035156,0.000000,0.000000,0.045519,-0.029870,0.034736,0.002871,-0.003906,0.001953,0.000488,0,0,0,0,3000,3000,3000,3000,0,4500,-4500,00,0,100,0
107.352531,0.000000,0.000000,-0.035156,0.000000,0.000000,0.045546,-0.029870,0.034736,0.002871,0.001465,-0.000732,-0.000732,0,0,0,0,3000,3000,3000,3000,0,4500,-4500,00,0,100,0
107.353508,0.000000,0.000000,-0.035156,0.000000,0.000000,0.045546,-0.029870,0.034736,0.002871,0.001465,-0.000732,-0.000732,0,0,0,0,3000,3000,3000,3000,0,4500,-4500,00,0,100,0
107.355453,0.000000,0.000000,-0.035156,0.000000,0.000000,0.045858,-0.029922,0.034779,0.002959,-0.000244,0.001465,-0.001709,0,0,0,0,3000,3000,3000,3000,0,4500,-4500,00,0,100,0
107.357407,0.000000,0.000000,-0.035156,0.000000,0.000000,0.045898,-0.029992,0.034736,0.002871,0.005615,0.003418,0.001465,0,0,0,0,3000,3000,3000,3000,0,4500,-4500,00,0,100,0
107.359360,0.000000,0.000000,-0.035156,0.000000,0.000000,0.045910,-0.029992,0.034736,0.002871,-0.004883,0.003418,0.000000,0,0,0,0,3000,3000,3000,3000,0,4500,-4500,00,0,100,0
107.361313,0.000000,0.000000,-0.035156,0.000000,0.000000,0.045948,-0.029992,0.034736,0.002871,0.004639,-0.003418,0.000488,0,0,0,0,3000,3000,3000,3000,0,4500,-4500,00,0,100,0
107.363258,0.000000,0.000000,-0.035156,0.000000,0.000000,0.045969,-0.029992,0.034736,0.002871,-0.000244,0.000244,-0.001221,0,0,0,0,3000,3000,3000,3000,0,4500,-4500,00,0,100,0
107.365219,0.000000,0.000000,-0.003906,0.000000,0.000000,0.056072,-0.029992,0.034736,0.002871,-0.004395,0.000244,-0.001221,0,0,0,0,3000,3000,3000,3000,0,4500,-4500,00,0,100,0
107.367172,0.000000,0.000000,-0.003906,0.000000,0.000000,0.056355,-0.029992,0.034736,0.002871,0.008789,-0.004395,0.002197,0,0,0,0,3000,3000,3000,3000,0,4500,-4500,00,0,100,0
107.369125,0.000000,0.000000,-0.003906,0.000000,0.000000,0.056221,-0.029992,0.034736,0.002871,-0.003906,0.001465,0.002197,0,0,0,0,3000,3000,3000,3000,0,4500,-4500,00,0,100,0
107.371078,0.000000,0.000000,-0.003906,0.000000,0.000000,0.056288,-0.029992,0.034736,0.002871,0.001953,0.000732,0.004150,0,0,0,0,3000,3000,3000,3000,0,4500,-4500,00,0,100,0
107.373032,0.000000,0.000000,-0.003906,0.000000,0.000000,0.056410,-0.029992,0.034736,0.002871,0.000244,-0.000244,-0.001221,0,0,0,0,3000,3000,3000,3000,0,4500,-4500,00,0,100,0
107.374985,0.000000,0.000000,-0.003906,0.000000,0.000000,0.056328,-0.029992,0.034736,0.002871,-0.002930,-0.000732,0.000000,0,0,0,0,3000,3000,3000,3000,0,4500,-4500,00,0,100,0
107.376938,0.000000,0.000000,-0.003906,0.000000,0.000000,0.056349,-0.029992,0.034736,0.002871,0.004150,-0.001709,0.000488,0,0,0,0,3000,3000,3000,3000,0,4500,-4500,00,0,100,0
107.378891,0.000000,0.000000,-0.003906,0.000000,0.000000,0.056211,-0.029992,0.034736,0.002871,-0.007080,0.001465,-0.001709,0,0,0,0,3000,3000,3000,3000,0,4500,-4500,00,0,100,0
107.380844,0.000000,0.000000,-0.003906,0.000000,0.000000,0.056143,-0.029992,0.034736,0.002871,0.008301,0.001465,-0.000488,0,0,0,0,3000,3000,3000,3000,0,4500,-4500,00,0,100,0
107.383797,0.000000,0.000000,-0.003906,0.000000,0.000000,0.056293,-0.029992,0.034736,0.002871,0.004150,-0.000244,0.000977,0,0,0,0,3000,3000,3000,3000,0,4500,-4500,00,0,100,0
107.386703,0.000000,0.000000,-0.003906,0.000000,0.000000,0.056400,-0.029922,0.034779,0.002959,0.004150,-0.001221,0.000488,0,0,0,0,3000,3000,3000,3000,0,4500,-4500,00,0,100,0
107.388657,0.000000,0.000000,-0.003906,0.000000,0.000000,0.056356,-0.029992,0.034736,0.002871,-0.006592,0.002441,0.000000,0,0,0,0,3000,3000,3000,3000,0,4500,-4500,00,0,100,0
107.390610,0.000000,0.000000,-0.003906,0.000000,0.000000,0.056442,-0.029992,0.034736,0.002871,0.004150,0.000244,0.000000,0,0,0,0,3000,3000,3000,3000,0,4500,-4500,00,0,100,0
107.392563,0.000000,0.000000,-0.003906,0.000000,0.000000,0.056494,-0.029992,0.034736,0.002871,-0.000732,-0.000732,0.000488,0,0,0,0,3000,3000,3000,3000,0,4500,-4500,00,0,100,0
107.394516,0.000000,0.000000,-0.003906,0.000000,0.000000,0.056465,-0.029992,0.034736,0.002871,0.000244,-0.000244,-0.000488,0,0,0,0,3000,3000,3000,3000,0,4500,-4500,00,0,100,0
107.396469,0.000000,0.000000,-0.003906,0.000000,0.000000,0.056507,-0.029992,0.034736,0.002871,0.005615,-0.003418,0.002686,0,0,0,0,3000,3000,3000,3000,0,4500,-4500,00,0,100,0
107.398422,0.000000,0.000000,-0.003906,0.000000,0.000000,0.056393,-0.029992,0.034736,0.002871,-0.004395,0.001465,-0.002686,0,0,0,0,3000,3000,3000,3000,0,4500,-4500,00,0,100,0
107.400375,0.000000,0.000000,-0.003906,0.000000,0.000000,0.056438,-0.029992,0.034736,0.002871,0.005127,-0.002930,0.000488,0,0,0,0,3000,3000,3000,3000,0,4500,-4500,00,0,100,0
107.404282,0.000000,0.000000,-0.003906,0.000000,0.000000,0.056583,-0.029992,0.034736,0.002871,-0.004883,-0.000244,-0.002686,0,0,0,0,3000,3000,3000,3000,0,4500,-4500,00,0,100,0
107.406235,0.000000,0.000000,-0.003906,0.000000,0.000000,0.056906,-0.029992,0.034736,0.002871,-0.001709,-0.002441,0.001465,0,0,0,0,3000,3000,3000,3000,0,4500,-4500,00,0,100,0
107.408188,0.000000,0.000000,-0.003906,0.000000,0.000000,0.056875,-0.029992,0.034736,0.002871,-0.006104,0.002930,-0.003174,0,0,0,0,3000,3000,3000,3000,0,4500,-4500,00,0,100,0
107.410141,0.000000,0.000000,-0.003906,0.000000,0.000000,0.056976,-0.029992,0.034736,0.002871,0.006592,-0.000244,0.003662,0,0,0,0,3000,3000,3000,3000,0,4500,-4500,00,0,100,0
107.412094,0.000000,0.000000,-0.003906,0.000000,0.000000,0.056822,-0.029992,0.034736,0.002871,-0.006592,-0.002930,0.002686,0,0,0,0,3000,3000,3000,3000,0,4500,-4500,00,0,100,0
107.414047,0.000000,0.000000,-0.003906,0.000000,0.000000,0.056782,-0.029992,0.034736,0.002871,0.004639,0.003906,-0.002686,0,0,0,0,3000,3000,3000,3000,0,4500,-4500,00,0,100,0
107.416000,0.000000,0.000000,-0.003906,0.000000,0.000000,0.056814,-0.029992,0.034736,0.002871,-0.002441,0.001953,0.000488,0,0,0,0,3000,3000,3000,3000,0,4500,-4500,00,0,100,0
107.417953,0.000000,0.000000,0.000000,0.000000,0.000000,0.056665,-0.029992,0.034736,0.002871,0.000244,0.000732,-0.000488,0,0,0,0,3000,3000,3000,3000,0,4500,-4500,00,0,100,0
107.419907,0.000000,0.000000,0.000000,0.000000,0.000000,0.056625,-0.029992,0.034736,0.002871,0.003418,0.000732,-0.000488,0,0,0,0,3000,3000,3000,3000,0,4500,-4500,00,0,100,0
107.421860,0.000000,0.000000,0.000000,0.000000,0.000000,0.056562,-0.029922,0.034779,0.002959,-0.000732,-0.001221,-0.001709,0,0,0,0,3000,3000,3000,3000,0,4500,-4500,00,0,100,0
107.423820,0.000000,0.000000,0.000000,0.000000,0.000000,0.056581,-0.029992,0.034736,0.002871,0.004639,0.001465,0.000488,0,0,0,0,3000,3000,3000,3000,0,4500,-4500,00,0,100,0
107.425766,0.000000,0.000000,0.000000,0.000000,0.000000,0.056749,-0.029992,0.034736,0.002871,-0.002441,0.000732,0.000000,0,0,0,0,3000,3000,3000,3000,0,4500,-4500,00,0,100,0
107.428703,0.000000,0.000000,0.000000,0.000000,0.000000,0.056789,-0.029992,0.034736,0.002871,0.001465,-0.000732,-0.001709,0,0,0,0,3000,3000,3000,3000,0,4500,-4500,00,0,100,0
107.429688,0.000000,0.000000,0.000000,0.000000,0.000000,0.056789,-0.029992,0.034736,0.002871,0.001465,-0.000732,-0.001709,0,0,0,0,3000,3000,3000,3000,0,4500,-4500,00,0,100,0
107.431633,0.000000,0.000000,0.000000,0.000000,0.000000,0.057041,-0.029992,0.034736,0.002871,-0.004395,0.000732,-0.002686,0,0,0,0,3000,3000,3000,3000,0,4500,-4500,00,0,0,0
107.433594,0.000000,0.000000,0.000000,0.000000,0.000000,0.057007,-0.029992,0.034736,0.002871,0.007324,0.001465,0.001465,0,0,0,0,3000,3000,3000,3000,0,4500,-4500,00,0,0,0
107.434570,0.000000,0.000000,0.000000,0.000000,0.000000,0.056915,-0.029992,0.034736,0.002871,-0.002930,0.002930,0.000977,0,0,0,0,3000,3000,3000,3000,0,4500,-4500,00,0,0,0
107.437485,0.000000,0.000000,0.000000,0.000000,0.000000,0.056845,-0.029992,0.034736,0.002871,-0.000732,0.001953,-0.003174,0,0,0,0,3000,3000,3000,3000,0,4500,-4500,00,0,0,0
107.439438,0.000000,0.000000,0.000000,0.000000,0.000000,0.056925,-0.029992,0.034736,0.002871,-0.003906,-0.002441,0.000000,0,0,0,0,3000,3000,3000,3000,0,4500,-4500,00,0,0,0
107.441391,0.000000,0.000000,0.000000,0.000000,0.000000,0.056879,-0.029992,0.034736,0.002871,0.001465,0.001465,0.002197,0,0,0,0,3000,3000,3000,3000,0,4500,-4500,00,0,0,0
107.443344,0.000000,0.000000,0.000000,0.000000,0.000000,0.056982,-0.029992,0.034736,0.002871,0.004639,-0.000732,0.003174,0,0,0,0,3000,3000,3000,3000,0,4500,-4500,00,0,0,0
107.445297,0.000000,0.000000,0.000000,0.000000,0.000000,0.057013,-0.029992,0.034736,0.002871,-0.003418,-0.000732,0.000000,0,0,0,0,3000,3000,3000,3000,0,4500,-4500,00,0,0,0
107.447250,0.000000,0.000000,-0.203125,0.000000,0.000000,-0.009691,-0.029992,0.034736,0.002871,0.002930,-0.002441,-0.001709,0,0,0,0,3000,3000,3000,3000,0,4500,-4500,00,0,0,0
107.449203,0.000000,0.000000,-0.203125,0.000000,0.000000,-0.009644,-0.029992,0.034736,0.002871,0.002441,0.000732,0.000977,0,0,0,0,3000,3000,3000,3000,0,4500,-4500,00,0,0,0
107.451157,0.000000,0.000000,-0.203125,0.000000,0.000000,-0.009794,-0.029992,0.034736,0.002871,-0.002441,-0.001221,0.000000,0,0,0,0,3000,3000,3000,3000,0,4500,-4500,00,0,0,0
107.453110,0.000000,0.000000,-0.203125,0.000000,0.000000,-0.009722,-0.029992,0.034736,0.002871,0.004639,0.002930,-0.000732,0,0,0,0,3000,3000,3000,3000,0,4500,-4500,00,0,0,0
107.455063,0.000000,0.000000,-0.207031,0.000000,0.000000,-0.009871,-0.029992,0.034736,0.002871,-0.004395,-0.000732,-0.002197,0,0,0,0,3000,3000,3000,3000,0,4500,-4500,00,0,0,0
107.457016,0.000000,0.000000,-0.207031,0.000000,0.000000,-0.009832,-0.029992,0.034736,0.002871,0.005615,-0.000244,0.000488,0,0,0,0,3000,3000,3000,3000,0,4500,-4500,00,0,0,0
107.458969,0.000000,0.000000,-0.207031,0.000000,0.000000,-0.009684,-0.029992,0.034736,0.002871,-0.002441,0.001465,-0.000732,0,0,0,0,3000,3000,3000,3000,0,4500,-4500,00,0,0,0
107.460922,0.000000,0.000000,-0.207031,0.000000,0.000000,-0.009594,-0.029992,0.034736,0.002871,-0.002441,-0.001709,-0.002197,0,0,0,0,3000,3000,3000,3000,0,4500,-4500,00,0,0,0
107.462875,0.000000,0.000000,-0.207031,0.000000,0.000000,-0.009483,-0.029992,0.034736,0.002871,0.006592,-0.000244,0.000488,0,0,0,0,3000,3000,3000,3000,0,4500,-4500,00,0,0,0
107.464828,0.000000,0.000000,-0.207031,0.000000,0.000000,-0.009504,-0.029992,0.034736,0.002871,-0.004395,-0.000244,-0.002686,0,0,0,0,3000,3000,3000,3000,0,4500,-4500,00,0,0,0
107.466782,0.000000,0.000000,-0.207031,0.000000,0.000000,-0.009455,-0.029992,0.034736,0.002871,0.004639,-0.001709,-0.000488,0,0,0,0,3000,3000,3000,3000,0,4500,-4500,00,0,0,0
107.468735,0.000000,0.000000,-0.207031,0.000000,0.000000,-0.009415,-0.029992,0.034736,0.002871,-0.005615,-0.001221,-0.000732,0,0,0,0,3000,3000,3000,3000,0,4500,-4500,00,0,0,0
107.470688,0.000000,0.000000,-0.207031,0.000000,0.000000,-0.009642,-0.029992,0.034736,0.002871,-0.002930,0.001465,-0.001221,0,0,0,0,3000,3000,3000,3000,0,4500,-4500,00,0,0,0
107.472641,0.000000,0.000000,-0.207031,0.000000,0.000000,-0.009644,-0.029992,0.034736,0.002871,0.001953,0.002441,-0.001709,0,0,0,0,3000,3000,3000,3000,0,4500,-4500,00,0,0,0
107.474594,0.000000,0.000000,-0.207031,0.000000,0.000000,-0.009741,-0.029992,0.034736,0.002871,-0.002930,-0.000732,0.000977,0,0,0,0,3000,3000,3000,3000,0,4500,-4500,00,0,0,0
107.476547,0.000000,0.000000,-0.207031,0.000000,0.000000,-0.009710,-0.029992,0.034736,0.002871,0.002441,0.001465,0.000488,0,0,0,0,3000,3000,3000,3000,0,4500,-4500,00,0,0,0
107.478500,0.000000,0.000000,-0.207031,0.000000,0.000000,-0.009766,-0.029992,0.034736,0.002871,-0.006104,0.000244,-0.000488,0,0,0,0,3000,3000,3000,3000,0,4500,-4500,00,0,0,0
107.480453,0.000000,0.000000,-0.207031,0.000000,0.000000,-0.009760,-0.029992,0.034736,0.002871,0.004150,0.000732,-0.001709,0,0,0,0,3000,3000,3000,3000,0,4500,-4500,00,0,0,0
107.482407,0.000000,0.000000,-0.207031,0.000000,0.000000,-0.009882,-0.029992,0.034736,0.002871,0.001953,-0.002930,0.000488,0,0,0,0,3000,3000,3000,3000,0,4500,-4500,00,0,0,0
107.484367,0.000000,0.000000,-0.207031,0.000000,0.000000,-0.010094,-0.029992,0.034736,0.002871,-0.002441,0.000244,0.000977,0,0,0,0,3000,3000,3000,3000,0,4500,-4500,00,0,0,0
107.486313,0.000000,0.000000,-0.207031,0.000000,0.000000,-0.010044,-0.029992,0.034736,0.002871,0.004150,-0.002441,-0.000732,0,0,0,0,3000,3000,3000,3000,0,4500,-4500,00,0,0,0
107.488266,0.000000,0.000000,-0.207031,0.000000,0.000000,-0.010027,-0.029992,0.034736,0.002871,-0.007568,0.003418,-0.001221,0,0,0,0,3000,3000,3000,3000,0,4500,-4500,00,0,0,0
107.490219,0.000000,0.000000,-0.207031,0.000000,0.000000,-0.010056,-0.029992,0.034736,0.002871,0.006592,0.000732,-0.001221,0,0,0,0,3000,3000,3000,3000,0,4500,-4500,00,0,0,0
107.492172,0.000000,0.000000,-0.207031,0.000000,0.000000,-0.010094,-0.029992,0.034736,0.002871,-0.003906,0.000244,0.003174,0,0,0,0,3000,3000,3000,3000,0,4500,-4500,00,0,0,0
107.494125,0.000000,0.000000,-0.207031,0.000000,0.000000,-0.010223,-0.029992,0.034736,0.002871,0.001465,-0.001709,-0.000488,0,0,0,0,3000,3000,3000,3000,0,4500,-4500,00,0,0,0
107.496078,0.000000,0.000000,-0.207031,0.000000,0.000000,-0.010038,-0.029992,0.034736,0.002871,0.000244,0.000732,-0.000488,0,0,0,0,3000,3000,3000,3000,0,4500,-4500,00,0,0,0
107.498039,0.000000,0.000000,-0.207031,0.000000,0.000000,-0.010099,-0.029922,0.034779,0.002959,-0.004395,-0.002930,-0.001221,0,0,0,0,3000,3000,3000,3000,0,4500,-4500,00,0,0,0
107.499985,0.000000,0.000000,-0.207031,0.000000,0.000000,-0.010181,-0.029992,0.034736,0.002871,0.007812,-0.000244,-0.002686,0,0,0,0,3000,3000,3000,3000,0,4500,-4500,00,0,0,0
107.501938,0.000000,0.000000,-0.207031,0.000000,0.000000,-0.010157,-0.029992,0.034736,0.002871,-0.001709,-0.000244,-0.001709,0,0,0,0,3000,3000,3000,3000,0,4500,-4500,00,0,0,0
107.503891,0.000000,0.000000,-0.207031,0.000000,0.000000,-0.010248,-0.029992,0.034736,0.002871,-0.000244,-0.002441,-0.000488,0,0,0,0,3000,3000,3000,3000,0,4500,-4500,00,0,0,0
107.505852,0.000000,0.000000,-0.207031,0.000000,0.000000,-0.010302,-0.029992,0.034736,0.002871,0.002441,0.000244,0.000977,0,0,0,0,3000,3000,3000,3000,0,4500,-4500,00,0,0,0
107.507805,0.000000,0.000000,-0.207031,0.000000,0.000000,-0.010084,-0.029922,0.034779,0.002959,-0.004883,-0.001221,-0.000732,0,0,0,0,3000,3000,3000,3000,0,4500,-4500,00,0,0,0
107.509758,0.000000,0.000000,-0.207031,0.000000,0.000000,-0.010143,-0.029922,0.034779,0.002959,0.004150,0.001465,-0.000488,0,0,0,0,3000,3000,3000,3000,0,4500,-4500,00,0,0,0
107.511711,0.000000,0.000000,-0.207031,0.000000,0.000000,-0.010136,-0.029922,0.034779,0.002959,-0.004883,0.000732,-0.000488,0,0,0,0,3000,3000,3000,3000,0,4500,-4500,00,0,0,0
107.513664,0.000000,0.000000,-0.207031,0.000000,0.000000,-0.010099,-0.029922,0.034779,0.002959,0.003418,0.001465,0.000977,0,0,0,0,3000,3000,3000,3000,0,4500,-4500,00,0,0,0
107.515610,0.000000,0.000000,-0.207031,0.000000,0.000000,-0.009943,-0.029922,0.034779,0.002959,0.001465,-0.000732,0.000000,0,0,0,0,3000,3000,3000,3000,0,4500,-4500,00,0,0,0
107.517570,0.000000,0.000000,-0.207031,0.000000,0.000000,-0.009958,-0.029992,0.034736,0.002871,0.001465,-0.000244,-0.002197,0,0,0,0,3000,3000,3000,3000,0,4500,-4500,00,0,0,0
107.519516,0.000000,0.000000,-0.207031,0.000000,0.000000,-0.009827,-0.029992,0.034736,0.002871,0.006592,0.001953,0.000488,0,0,0,0,3000,3000,3000,3000,0,4500,-4500,00,0,0,0
107.521477,0.000000,0.000000,-0.207031,0.000000,0.000000,-0.009823,-0.029922,0.034779,0.002959,-0.007080,0.001465,-0.001221,0,0,0,0,3000,3000,3000,3000,0,4500,-4500,00,0,0,0
107.523422,0.000000,0.000000,-0.207031,0.000000,0.000000,-0.009815,-0.029992,0.034736,0.002871,0.005127,-0.000244,-0.001709,0,0,0,0,3000,3000,3000,3000,0,4500,-4500,00,0,0,0
107.525383,0.000000,0.000000,-0.109375,0.000000,0.000000,0.021168,-0.029992,0.034736,0.002871,-0.001709,-0.003418,0.000977,0,0,0,0,3000,3000,3000,3000,0,4500,-4500,00,0,0,0
107.527336,0.000000,0.000000,-0.109375,0.000000,0.000000,0.021242,-0.029992,0.034736,0.002871,0.003418,0.001953,0.003174,0,0,0,0,3000,3000,3000,3000,0,4500,-4500,00,0,0,0
107.529282,0.000000,0.000000,-0.109375,0.000000,0.000000,0.021286,-0.029992,0.034736,0.002871,0.003418,-0.000732,0.000977,0,0,0,0,3000,3000,3000,3000,0,4500,-4500,00,0,0,0
107.531235,0.000000,0.000000,-0.109375,0.000000,0.000000,0.021269,-0.029992,0.034736,0.002871,-0.006104,-0.002930,-0.000488,0,0,0,0,3000,3000,3000,3000,0,4500,-4500,00,0,0,0
107.533180,0.000000,0.000000,-0.109375,0.000000,0.000000,0.021442,-0.029992,0.034736,0.002871,0.004639,-0.001221,0.001465,0,0,0,0,3000,3000,3000,3000,0,4500,-4500,00,0,0,0
107.535141,0.000000,0.000000,-0.109375,0.000000,0.000000,0.021397,-0.029992,0.034736,0.002871,-0.007080,-0.000244,-0.000732,0,0,0,0,3000,3000,3000,3000,0,4500,-4500,00,0,0,0
107.537094,0.000000,0.000000,-0.109375,0.000000,0.000000,0.021406,-0.029992,0.034736,0.002871,-0.002441,0.002930,-0.000488,0,0,0,0,3000,3000,3000,3000,0,4500,-4500,00,0,0,0
107.539047,0.000000,0.000000,-0.109375,0.000000,0.000000,0.021351,-0.029992,0.034736,0.002871,0.002441,0.000732,-0.000732,0,0,0,0,3000,3000,3000,3000,0,4500,-4500,00,0,0,0
107.541000,0.000000,0.000000,-0.109375,0.000000,0.000000,0.021257,-0.029992,0.034736,0.002871,-0.005615,-0.001709,-0.001221,0,0,0,0,3000,3000,3000,3000,0,4500,-4500,00,0,0,0
107.542946,0.000000,0.000000,-0.109375,0.000000,0.000000,0.021341,-0.029992,0.034736,0.002871,0.005127,-0.002441,0.000977,0,0,0,0,3000,3000,3000,3000,0,4500,-4500,00,0,0,0
107.544907,0.000000,0.000000,-0.109375,0.000000,0.000000,0.021368,-0.029992,0.034736,0.002871,-0.005615,0.000732,-0.000488,0,0,0,0,3000,3000,3000,3000,0,4500,-4500,00,0,0,0
107.546860,0.000000,0.000000,-0.109375,0.000000,0.000000,0.021545,-0.029992,0.034736,0.002871,0.002441,0.001465,0.002686,0,0,0,0,3000,3000,3000,3000,0,4500,-4500,00,0,0,0
107.548813,0.000000,0.000000,-0.109375,0.000000,0.000000,0.021618,-0.029992,0.034736,0.002871,-0.002930,-0.003906,-0.002197,0,0,0,0,3000,3000,3000,3000,0,4500,-4500,00,0,0,0
107.550766,0.000000,0.000000,-0.109375,0.000000,0.000000,0.021700,-0.029992,0.034736,0.002871,-0.000732,0.002441,-0.000732,0,0,0,0,3000,3000,3000,3000,0,4500,-4500,00,0,0,0
107.552719,0.000000,0.000000,-0.109375,0.000000,0.000000,0.021755,-0.029992,0.034736,0.002871,0.008789,-0.007568,0.000977,0,0,0,0,3000,3000,3000,3000,0,4500,-4500,00,0,0,0
107.554672,0.000000,0.000000,-0.109375,0.000000,0.000000,0.021458,-0.029992,0.034736,0.002871,-0.002441,0.001465,-0.001709,0,0,0,0,3000,3000,3000,3000,0,4500,-4500,00,0,0,0
107.556633,0.000000,0.000000,-0.109375,0.000000,0.000000,0.021854,-0.029992,0.034736,0.002871,-0.002930,0.002441,-0.000732,0,0,0,0,3000,3000,3000,3000,0,4500,-4500,00,0,0,0
107.558578,0.000000,0.000000,-0.109375,0.000000,0.000000,0.021864,-0.029922,0.034779,0.002959,-0.002441,-0.002441,-0.003174,0,0,0,0,3000,3000,3000,3000,0,4500,-4500,00,0,0,0
107.560532,0.000000,0.000000,-0.109375,0.000000,0.000000,0.021830,-0.029992,0.034736,0.002871,-0.001709,0.001465,0.000977,0,0,0,0,3000,3000,3000,3000,0,4500,-4500,00,0,0,0
107.562485,0.000000,0.000000,-0.109375,0.000000,0.000000,0.022163,-0.029992,0.034736,0.002871,0.002930,0.007324,0.001465,0,0,0,0,3000,3000,3000,3000,0,4500,-4500,00,0,0,0
107.564445,0.000000,0.000000,-0.109375,0.000000,0.000000,0.021908,-0.029992,0.034736,0.002871,-0.000732,-0.004395,-0.003906,0,0,0,0,3000,3000,3000,3000,0,4500,-4500,00,0,0,0
107.566406,0.000000,0.000000,-0.109375,0.000000,0.000000,0.021948,-0.029922,0.034779,0.002959,-0.003418,0.006592,0.005371,0,0,0,0,3000,3000,3000,3000,0,4500,-4500,00,0,0,0
107.568344,0.000000,0.000000,-0.109375,0.000000,0.000000,0.022352,-0.029922,0.034779,0.002959,0.005127,0.001465,0.000000,0,0,0,0,3000,3000,3000,3000,0,4500,-4500,00,0,0,0
107.570305,0.000000,0.000000,-0.109375,0.000000,0.000000,0.022205,-0.029992,0.034736,0.002871,0.007812,-0.003906,0.004150,0,0,0,0,3000,3000,3000,3000,0,4500,-4500,00,0,0,0
107.572250,0.000000,0.000000,-0.109375,0.000000,0.000000,0.022299,-0.029922,0.034779,0.002959,-0.006592,0.005127,0.004639,0,0,0,0,3000,3000,3000,3000,0,4500,-4500,00,0,0,0
107.574211,0.000000,0.000000,-0.109375,0.000000,0.000000,0.022533,-0.029922,0.034779,0.002959,0.006592,-0.008301,-0.003174,0,0,0,0,3000,3000,3000,3000,0,4500,-4500,00,0,0,0
107.576164,0.000000,0.000000,-0.109375,0.000000,0.000000,0.022610,-0.029922,0.034779,0.002959,0.004639,0.001465,0.000977,0,0,0,0,3000,3000,3000,3000,0,4500,-4500,00,0,0,0
107.578110,0.000000,0.000000,-0.109375,0.000000,0.000000,0.022671,-0.029992,0.034736,0.002871,-0.009766,0.002441,-0.000732,0,0,0,0,3000,3000,3000,3000,0,4500,-4500,00,0,0,0
107.580063,0.000000,0.000000,-0.109375,0.000000,0.000000,0.022781,-0.029992,0.034736,0.002871,0.010986,-0.006104,-0.004395,0,0,0,0,3000,3000,3000,3000,0,4500,-4500,00,0,0,0
107.582016,0.000000,0.000000,-0.109375,0.000000,0.000000,0.022545,-0.029992,0.034736,0.002871,-0.006104,0.003418,-0.000488,0,0,0,0,3000,3000,3000,3000,0,4500,-4500,00,0,0,0
107.583969,0.000000,0.000000,-0.109375,0.000000,0.000000,0.022583,-0.029992,0.034736,0.002871,-0.004395,-0.003418,-0.001709,0,0,0,0,3000,3000,3000,3000,0,4500,-4500,00,0,0,0
107.585922,0.000000,0.000000,-0.109375,0.000000,0.000000,0.022840,-0.029992,0.034736,0.002871,0.002441,-0.006592,-0.001221,0,0,0,0,3000,3000,3000,3000,0,4500,-4500,00,0,0,0
107.587875,0.000000,0.000000,-0.109375,0.000000,0.000000,0.022526,-0.029992,0.034736,0.002871,-0.007568,0.002441,-0.003906,0,0,0,0,3000,3000,3000,3000,0,4500,-4500,00,0,0,0
107.589828,0.000000,0.000000,-0.109375,0.000000,0.000000,0.022945,-0.029992,0.034736,0.002871,-0.002930,0.002441,-0.000488,0,0,0,0,3000,3000,3000,3000,0,4500,-4500,00,0,0,0
107.591782,0.000000,0.000000,-0.109375,0.000000,0.000000,0.022762,-0.029992,0.034736,0.002871,-0.005615,0.001953,-0.002686,0,0,0,0,3000,3000,3000,3000,0,4500,-4500,00,0,0,0
107.593735,0.000000,0.000000,-0.109375,0.000000,0.000000,0.022516,-0.029992,0.034736,0.002871,0.006104,0.000244,-0.003174,0,0,0,0,3000,3000,3000,3000,0,4500,-4500,00,0,0,0
107.595688,0.000000,0.000000,-0.109375,0.000000,0.000000,0.023039,-0.029992,0.034736,0.002871,0.008301,0.002441,-0.002197,0,0,0,0,3000,3000,3000,3000,0,4500,-4500,00,0,0,0
107.597641,0.000000,0.000000,-0.109375,0.000000,0.000000,0.022820,-0.029992,0.034736,0.002871,0.002930,0.002930,-0.001709,0,0,0,0,3000,3000,3000,3000,0,4500,-4500,00,0,0,0
107.599594,0.000000,0.000000,-0.109375,0.000000,0.000000,0.023046,-0.029992,0.034736,0.002871,0.001465,0.003418,0.005859,0,0,0,0,3000,3000,3000,3000,0,4500,-4500,00,0,0,0
107.601547,0.000000,0.000000,-0.109375,0.000000,0.000000,0.023123,-0.029992,0.034736,0.002871,0.003418,0.001465,0.000977,0,0,0,0,3000,3000,3000,3000,0,4500,-4500,00,0,0,0
107.603500,0.000000,0.000000,-0.269531,0.000000,0.000000,-0.029305,-0.029992,0.034736,0.002871,0.002930,0.000244,0.002686,0,0,0,0,3000,3000,3000,3000,0,4500,-4500,00,0,0,0
107.605453,0.000000,0.000000,-0.269531,0.000000,0.000000,-0.029131,-0.029992,0.034736,0.002871,-0.006104,-0.003906,0.003662,0,0,0,0,3000,3000,3000,3000,0,4500,-4500